config_id,Bx,By,Bz
config_000000,-0.11140660899903962,0.2802156940612576,-0.11272319444958095
config_000001,-0.27102777005682865,-0.07958210862569168,-0.2002400639662235
config_000002,-0.2573748478211541,0.12197432606148573,-0.07708535608207709
config_000003,0.06050980751210916,-0.06938704573285523,0.05629176718620105
config_000004,-0.2027717159138001,-0.2151012110577888,0.2016708206362326
config_000005,-0.13615409692801983,-0.1920690328745148,-0.018639912427550254
config_000006,0.1886742928404434,0.1258760280848929,0.14019720213861264
config_000007,-0.16757794529735384,-0.12195434373654315,-0.030416585849755484
config_000008,-0.09704695155517312,0.15023630528109932,0.267233497670093
config_000009,-0.22273011577347498,-0.09720836664194635,0.20398430375584536
config_000010,0.2906283543355858,-0.05873747549948882,-0.2564234412655262
config_000011,0.2734609363987662,0.13683674108955807,0.10874034053263937
config_000012,-0.13752504277031954,0.20987614575108898,0.17605319514066203
config_000013,-0.15011437714378495,-0.27340039444187736,-0.23048278442951803
config_000014,-0.006558983386808659,-0.256730411864392,-0.023405325131729382
config_000015,0.2680943564975777,0.14833164408872396,-0.15235847407151704
config_000016,0.27551329544337905,-0.1271805364887775,0.18876278144039438
config_000017,-0.16337113902097325,-0.2750732791202594,0.22911910903852
config_000018,0.20291981461617475,-0.07795502853304595,-0.05369068904219004
config_000019,-0.20579306892851684,0.07762043806664454,-0.03637866679499557
config_000020,0.08498172348963312,0.12330289978493136,-0.13124316606272712
config_000021,0.20811818275531807,-0.13274194923182092,-0.20376341223377467
config_000022,0.1552732433778501,-0.0465789071597279,0.014185468358978381
config_000023,-0.2649911556188024,0.08584328530335783,-0.16165167595156896
config_000024,-0.042653384889078605,-0.2746671491242075,-0.056471772582567636
config_000025,0.16867373607843222,0.22940790776074665,-0.24463120213842404
config_000026,-0.2689858615060672,-0.24455831647812445,-0.19611709797383226
config_000027,-0.03225350865035792,-0.028874458515466328,-0.09535957103618548
config_000028,-0.07635416820509805,0.21998963354239792,0.18793980123034798
config_000029,-0.2592990643683068,-0.14733593163861683,-0.03508941399094667
config_000030,0.03066062077545828,-0.2313498941078938,-0.1522616813330494
config_000031,-0.15557206728462913,0.21755849570086677,-0.27997772163583967
config_000032,0.0207142780857284,-0.0347158004666962,0.28936308577138653
config_000033,0.146736965518647,0.2004107215619078,-0.24183058626659582
config_000034,-0.014034831269101489,0.15539018159928958,-0.03280865240351466
config_000035,-0.0791253720580189,-0.033385982171280415,0.19732724683391467
config_000036,-0.025195340775271913,-0.1817120818108851,0.042288452015321554
config_000037,-0.05866606284248993,-0.19751700072608408,0.24997115769836326
config_000038,-0.198291262729271,0.2319635833127947,0.27722466325400447
config_000039,0.04988271913678838,0.02401236651406169,0.030347236953066736
config_000040,0.20713288678671532,-0.11886825617427693,0.1958501998325724
config_000041,-0.021162572366525134,0.16385587037560528,-0.06841058535051359
config_000042,-0.1442596304806895,0.21302384682111003,-0.19663286034850885
config_000043,-0.08829986701415313,-0.010991549111425414,0.03978901876275154
config_000044,0.22295888040388995,-0.13895032683030498,-0.1832060384887184
config_000045,0.1926357471668168,0.134182395542511,-0.03305921579212706
config_000046,0.15078607914487624,-0.23357791942216577,-0.16803958109329348
config_000047,0.23473873665429418,0.25713154267424615,0.1703970407902758
config_000048,-0.2590906915051924,-0.06948651495776087,-0.008860548020719117
config_000049,-0.15100656014691752,-0.1827385001787004,0.08234911377588072
config_000050,0.11439395650623152,0.05390837610803134,-0.01767642490143001
config_000051,-0.2569637657181449,0.16025202845345493,0.17645002901688472
config_000052,-0.2175682265588179,-0.20519791862870673,-0.014663158165846402
config_000053,0.11668431331973339,0.02023233434943794,0.20806618064667742
config_000054,-0.145590981788889,0.15404755912206886,-0.14356142822834123
config_000055,0.12166490089581927,-0.05748154056663865,-0.18257389924478706
config_000056,-0.2813779492471128,0.2515448410702054,0.0026412582140308283
config_000057,0.11003501285065026,0.2832404756469908,-0.06775397366216185
config_000058,0.2082455995154215,0.05313858645080044,-0.013378258925746733
config_000059,-0.14963056181672324,0.10034002787408886,-0.17652313506826894
config_000060,-0.05582119707171587,-0.05320464503340577,-0.062189180938529376
config_000061,0.182604253389601,-0.1843287261565591,-0.299407434620775
config_000062,0.18000662095811104,0.0752373476785334,0.19971807504607514
config_000063,0.21911229641944002,-0.22629426851082957,-0.25499257403148307
config_000064,-0.23135459760099095,0.14555199775906713,-0.03303191542490891
config_000065,-0.05083426097205812,0.2127985245602581,-0.07029542954928963
config_000066,-0.1487933962347427,-0.1809412964548117,-0.2626259685094568
config_000067,0.02631570988144022,-0.29982740543240466,-0.03041532299936206
config_000068,-0.13372415336334584,-0.20458919001045428,-0.1701143402812451
config_000069,0.06418829947070848,-0.2713531467136581,0.16730281771714245
config_000070,-0.0037763961253015066,0.24105372523030993,0.021230305793836224
config_000071,-0.09136729453785133,-0.04254829906158242,0.2734887000150555
config_000072,0.06878083830155513,-0.1534518960856974,0.21634301925281135
config_000073,0.16036741322395814,-0.2886097473724171,-0.12036376060080275
config_000074,0.023515049424551016,-0.20853399992635946,-0.06050912568003436
config_000075,0.0803650484848834,0.04055856282335146,-0.03968783331225795
config_000076,-0.18496451834031777,-0.21870060271294472,0.22286406632439232
config_000077,-0.25132031939158234,-0.18753668376553195,-0.24167316694016266
config_000078,-0.004319989425547233,-0.16581208242255466,0.2717638782782789
config_000079,0.05639748136349598,0.21875305108191684,-0.04397862516841222
config_000080,0.2413604310666993,-0.22246999762447678,0.01684284907787048
config_000081,-0.2983001186889776,0.2514444136635758,-0.2696999193438953
config_000082,-0.27292669850077184,0.04580818236411194,0.2221152071045473
config_000083,-0.1156810519928195,0.14222228905617967,-0.034722113636576846
config_000084,-0.16833522797844833,0.02613294062776539,0.06916801112314619
config_000085,0.022305866147029896,0.14559968952512753,0.15014044247804004
config_000086,0.09337382591948468,0.2913003316747737,0.29798428525654636
config_000087,-0.10004259537318613,-0.24295159577240755,0.1971460753064096
config_000088,-0.04835570349278567,0.13515080908763338,-0.22135990197294453
config_000089,-0.22346872644388227,0.06792039771103553,-0.1969207352144174
config_000090,-0.1421771321533591,-0.03544705217627864,-0.14016684404426574
config_000091,0.0846740754659992,-0.004858335775683953,0.05696960693453462
config_000092,0.09632984006936485,-0.21387347425151215,0.27751113537556643
config_000093,0.13803164906491194,-0.0628507204232105,0.19613038396128946
config_000094,0.184189541011279,0.22781293036582356,0.20922465609018298
config_000095,0.049263773710633396,0.0735248954762317,-0.2796424935334525
config_000096,-0.22652010862550742,0.019539882348486914,-0.22904229004838433
config_000097,-0.1918236986475736,-0.09887194729631815,0.1865602674960441
config_000098,0.1883137496580814,0.11238195368855003,-0.0559748869118159
config_000099,0.20255643078006064,-0.04539505494445939,0.12206416656156599
config_000100,-0.16171133877729166,-0.2715706740924688,-0.08659333761741736
config_000101,-0.22911949483597793,-0.05000343558079495,0.2685969487285767
config_000102,-0.2132433834109467,0.10221859121059246,-0.17066456127196164
config_000103,-0.27720826649056834,-0.07564440300534339,-0.22963528608840408
config_000104,0.02781557385224437,-0.24402763139457423,0.24775843949852722
config_000105,-0.15282782903754613,-0.14356616328689847,-0.2679212923133051
config_000106,-0.17343465942214067,0.14355238989281288,0.030603859763372487
config_000107,-0.2246446291942784,0.04873557358326264,-0.14803370384049652
config_000108,-0.17461006162870968,-0.2018890078958499,0.058958253567915175
config_000109,-0.013601388161276318,0.10551133045271549,0.05543519563725763
config_000110,-0.21795343040365783,-0.09625453833857159,-0.20570695358628163
config_000111,-0.11768601449315721,-0.25193991003726485,0.08878898992257567
config_000112,-0.24516457157624394,0.24495416409260445,0.28380960672473726
config_000113,0.1383975829836671,0.07128011063346779,0.078298581091578
config_000114,0.039251863640345,0.22726070465138087,-0.1930280732514486
config_000115,-0.18457981920743138,0.2859975520817117,-0.04405703434339997
config_000116,-0.29759950650208616,0.148880607899602,0.19662724772633788
config_000117,-0.21516833126649837,0.13801671250405784,0.25426422585873604
config_000118,-0.2730422693220498,0.04813949302509435,-0.2613422212410888
config_000119,-0.13074260219963063,0.026680235278500664,-0.06735224146232613
config_000120,0.10945033212539845,0.08384502430402452,0.2701384080350318
config_000121,0.18248262648704777,0.152808414240235,-0.012124384613923955
config_000122,-0.2649648060527203,0.07279491615081696,-0.28639171432513
config_000123,0.20332515698571313,0.09596264761705775,-0.1712958662705583
config_000124,0.10047850636351907,-0.11597530305639928,0.19981432600930316
config_000125,-0.15056772723017273,0.0022110215178297032,-0.20669280029659043
config_000126,-0.2885283219679011,-0.09234869287561281,-0.21135342306210542
config_000127,0.05845915983543243,-0.10732579884646437,0.07173384303317853
config_000128,0.25930987336465244,0.2291435314162717,-0.053988460469568456
config_000129,-0.09534740069523959,-0.13981556078806034,0.0609234681825459
config_000130,0.19650890649515518,0.24311316419205614,0.27575905274058626
config_000131,-0.20374208765270596,0.24470139651367523,0.0914445205150915
config_000132,-0.296966565346319,0.22172534043820363,0.1029689131329074
config_000133,0.19816461164192584,-0.2719321273502029,0.14114847762338
config_000134,0.07268317273526875,0.29950710620923965,-0.20786884518368332
config_000135,-0.06919227525326463,-0.2203815636813774,0.0070266778604214375
config_000136,0.025888555024928872,0.03572921489153291,0.11469208069851322
config_000137,0.26563045702334726,-0.2567648680040634,-0.06961855378880447
config_000138,-0.13814880865559578,-0.1658748315877526,-0.08034407655843842
config_000139,0.20394712205884574,0.22125544310464412,0.026055154837026917
config_000140,0.06021089070581742,0.2731519657081634,0.06376865383264196
config_000141,0.14722661196838138,-0.11997314184410637,0.1629188782807684
config_000142,0.27631920484726363,-0.24479939841370044,-0.131173953414696
config_000143,-0.1645095325247275,-0.22331552258619852,0.09000576342790767
config_000144,0.1735381634916785,-0.10651631392164956,-0.25613784674726825
config_000145,-0.2525173601663306,0.17699009065120475,0.266887307064359
config_000146,0.1220032289321814,0.21493272562274862,-0.13236931990370826
config_000147,0.04008437014633881,-0.2635986575292327,0.19030810240957902
config_000148,-0.23286976080053376,0.19060113833667025,-0.16074800612372345
config_000149,-0.1359894193642426,0.1750994976756276,-0.12542714953783926
config_000150,-0.13607898840967828,0.2182923428287759,-0.2758776299452461
config_000151,0.1398076507392791,-0.16841864770899792,-0.1587003405775047
config_000152,-0.2788200349035709,-0.05093987694221616,-0.135098594728681
config_000153,-0.12744998591285855,-0.11648752918426314,0.20074753287251407
config_000154,-0.005494921421313859,-0.12977339858123665,-0.20426071616260605
config_000155,-0.10958478744888225,-0.18788020108324666,-0.03611109128497514
config_000156,0.07393714923614253,-0.28910398071223414,-0.1651530061568338
config_000157,0.04790111496120503,-0.17777308828786192,-0.25768422697162635
config_000158,-0.2621052076230276,-0.13877813065753788,0.14366974678581823
config_000159,-0.12605655370923066,-0.13182183221292484,0.2963634115180343
config_000160,0.20287836603789416,0.04590397156060644,-0.11093630230752649
config_000161,0.29420693288639793,0.29313300284120486,-0.17642996359999186
config_000162,-0.017817887809533917,-0.060717294578479686,-0.0031593652395750516
config_000163,-0.2764747515881061,0.08674770416791933,-0.24782118647516926
config_000164,-0.10112674961894633,-0.15569034390685468,0.15858422298822028
config_000165,0.16709657189982158,0.1726265902887581,-0.04016468993424699
config_000166,0.1097275809580901,0.12265432609371102,-0.11057296040965217
config_000167,-0.06911701849661661,-0.28383886417035165,-0.129824333904811
config_000168,-0.27476262958554615,0.12619008602044451,0.11828122401133473
config_000169,-0.025801313271267834,-0.18622207237649488,-0.19451266200870737
config_000170,0.2797666874877616,-0.26047393630184784,-0.27604877531944866
config_000171,-0.06995081417656066,-0.17683750865592446,0.0561620649141768
config_000172,0.20483461466961345,0.020750747539308168,-0.12848042937573767
config_000173,-0.07165965073386363,0.1339943803716635,0.015133309598949207
config_000174,-0.23342992304147125,-0.028235605393685248,0.1272837298975823
config_000175,-0.008890830340197775,-0.21615332415412541,-0.19752516665913566
config_000176,0.2981330851635073,0.18123837830612177,-0.013511813418750462
config_000177,0.2850873431252116,0.010722691814507301,0.12155783761427746
config_000178,-0.23430596626602518,-0.2263845229471741,0.06854117286030265
config_000179,0.25221041800816385,0.0074633248452399825,0.03812945400723966
config_000180,0.1184532067837053,0.01585889081503372,0.013714165295484526
config_000181,0.09497202695557994,0.07347169860054903,-0.21756904662167753
config_000182,-0.13270307448368707,0.047275137467453265,0.18487801969904433
config_000183,-0.0823170942440111,-0.2903686998389393,-0.07805266121456836
config_000184,0.21700454226921978,-0.11054566561737392,0.054737237912312
config_000185,0.2641366461305172,0.03599712011279904,-0.16604166761633257
config_000186,0.1935620430548331,-0.1932756205861597,0.27755556091436057
config_000187,-0.26757394431673026,0.22330722435376454,-0.25321044386564884
config_000188,0.2595063045481754,0.2714765573223706,0.06892571445545709
config_000189,-0.17258221234783103,-0.1940647311847178,-0.2888390476170043
config_000190,-0.13329079042714978,-0.2856022815094856,0.2132706205046932
config_000191,-0.04893569346359666,0.0970204085680208,-0.2593460705497142
config_000192,-0.16514836972375851,-0.1891608529735522,-0.2778868435556258
config_000193,0.1888278855402527,-0.19452872144778705,-0.023350852270346723
config_000194,-0.09980594770167156,0.13201862565152167,-0.07925057805891872
config_000195,-0.01846132225730107,-0.04951266947188171,0.2866659310218303
config_000196,0.14126837669566727,-0.26893851615144465,0.14646936455814086
config_000197,0.09744257017753494,-0.0995442180085005,-0.220410753045149
config_000198,0.05649652708722347,-0.03225209802348494,0.012149662892338209
config_000199,-0.0203908262869702,0.20925530088731997,0.0394101482324426
config_000200,0.1437984168570129,-0.013632461937109985,-0.0695821487616119
config_000201,0.2653338850554205,0.14888451163975724,0.21868961629875489
config_000202,0.038709060815632856,0.0018452755595185222,-0.1543282326407344
config_000203,0.07994392753837193,0.13594218570870498,0.15667111433075687
config_000204,-0.26812862837905477,0.2030087816493083,-0.17569451220073862
config_000205,0.07690617157673008,0.1931905630625519,0.040832191060080125
config_000206,-0.20989659029371874,0.0007189649291209355,0.0736368816911544
config_000207,-0.1342205663059627,-0.0911295717345936,-0.2369645156875949
config_000208,0.16445345779573067,0.15558462561652464,-0.16107207183119018
config_000209,-0.08813218364554445,-0.22023607737668494,0.2895037564083997
config_000210,-0.29085928408361,-0.1923736331313507,0.1543245901334308
config_000211,0.10837611301814154,-0.22006891894105937,-0.014620880018099247
config_000212,0.05505777233132242,0.24373605383729774,0.1954980138317074
config_000213,0.2733937209532949,0.27633783791528005,-0.012836469672061646
config_000214,-0.01413858479176272,0.1061651474434383,-0.057369639015994844
config_000215,0.11660398563724705,0.10413113332641644,0.16268321781685835
config_000216,0.21797585999211994,-0.23143187000882035,0.09480880067674685
config_000217,-0.2405526894157928,-0.10313171827700177,0.20523367186231717
config_000218,-0.281856627969439,0.2637011633085556,-0.02002386742551021
config_000219,0.2314272361616177,-0.19431010079207472,-0.2934503266370619
config_000220,0.1069752716966092,-0.01917874834417732,-0.12013373999147181
config_000221,-0.03484036409577318,-0.038093741558448135,0.10787187453583008
config_000222,0.16105036574668952,0.09736668742249399,-0.11054458333873862
config_000223,-0.28367997677475865,-0.21714386534799301,-0.08047039560237093
config_000224,-0.08567765336245334,-0.06274558081270418,0.035171101756104994
config_000225,-0.11633304541192194,-0.16941203081870512,-0.2944294167585198
config_000226,0.025581210918076303,-0.07860593477893602,-0.16309025404289515
config_000227,0.2633003905641436,-0.1991834522733142,0.22372772991903206
config_000228,-0.20832040059057388,-0.07033228047542248,-0.1436185787508959
config_000229,-0.09544809868977588,-0.04653077391184701,-0.2498804677033459
config_000230,0.2227879990759482,0.2496291860143725,0.12547197038094932
config_000231,-0.2513310435884015,0.11609334761079732,0.218549752778821
config_000232,0.021971849519718867,-0.07925837005196384,0.21451104357832168
config_000233,0.1935496279348704,-0.10653331700720728,-0.11123020180259804
config_000234,-0.19636962248087272,0.09824494116906807,0.21076892331997338
config_000235,-0.14364064860850226,-0.26009372912251866,-0.006190817570467355
config_000236,-0.21010160335586325,0.046597966350873654,-0.04936145977788581
config_000237,-0.16043303116646687,0.10313759847672221,-0.19833599992633544
config_000238,0.21694662948977145,0.0007308210224258316,-0.2390911239158786
config_000239,-0.23026080284861672,0.022356504543616873,-0.2317439187909875
config_000240,0.02682785761716089,0.18205208411351642,-0.23707324422401496
config_000241,0.0751311158324367,-0.09283634605305854,-0.07056441277116615
config_000242,-0.19071143686172637,0.1429678828385879,0.26432705637113013
config_000243,0.0272694396956486,-0.07505165306954756,0.2951035244530908
config_000244,0.17451061615132174,0.13444618576233835,0.000538205988458107
config_000245,0.27622366701681317,-0.15668161325686028,-0.13347452576230792
config_000246,-0.29712795964398103,-0.15870071925473533,0.11715704021251944
config_000247,-0.18095559386133273,0.26142422240619617,0.024351384882181637
config_000248,0.19887279015353848,-0.09869113248475922,0.2254833569740617
config_000249,0.1776583242061348,-0.016715925191762848,0.05406183050659452
config_000250,0.21840420814229616,-0.27365622107023463,-0.05596114124141793
config_000251,-0.14715783972523164,0.18722352756425115,-0.18182517039893129
config_000252,0.14784688730548018,-0.1451224253925464,0.07147713539979472
config_000253,-0.10072705275290011,-0.0882677367209245,-0.1095384080463
config_000254,0.2731806585184387,-0.29107572059360065,-0.024488477181716872
config_000255,0.0020722983520338745,0.038003293690335005,-0.1555035800203233
config_000256,-0.1415069910817278,-0.2298022427296394,0.11108297150429886
config_000257,0.010214985806410726,-0.27317796862923094,0.19222693521068118
config_000258,-0.02628882695142898,-0.02338720805221478,0.1747952494377764
config_000259,0.07109397918217247,0.2874561140839443,-0.015277510339622935
config_000260,-0.25569393626942677,0.014065601431033747,-0.036162054472656746
config_000261,-0.2627225867188027,-0.09179226427294662,0.23930959692411263
config_000262,-0.14150773858369783,-0.26928414184457683,-0.2789377610783435
config_000263,-0.09159671479529896,0.2778776232950862,-0.02109317641963726
config_000264,0.10068163466699176,-0.2490513540858912,0.2845644517269856
config_000265,0.158476995317883,-0.004319515012461805,0.2096738138209377
config_000266,-0.1952330550549185,0.1286530619443662,-0.008774460218699542
config_000267,-0.1636080585234116,0.26408984081133874,0.288977391795699
config_000268,0.07328888160266378,-0.21935306636584007,0.29121364824666834
config_000269,-0.16342066565198737,-0.015450541673093343,-0.2320167323331553
config_000270,-0.252242548028903,-0.07885564571151119,0.021775124569608506
config_000271,0.26842889292288424,-0.024096121952404737,-0.0023563858185496334
config_000272,-0.11149005537605192,-0.2590699915522682,0.02927105937539165
config_000273,-0.2021554872991424,-0.15061373237418166,-0.2980331802392884
config_000274,0.0027767329186930145,-0.1492063952637214,0.03331485176020832
config_000275,0.2753773734876193,-0.1812078123912047,0.07146067709694326
config_000276,-0.07788595194065234,-0.06596399968756161,-0.22430199630815292
config_000277,-0.27291642980517944,0.048576096434260474,0.1907372266537174
config_000278,0.28377020703695105,-0.29650445885377913,-0.05555968974896108
config_000279,0.11569228679068166,-0.023216564803432427,0.11738101540010704
config_000280,-0.15876946643079096,-0.13756691910320334,0.2379369364422978
config_000281,-0.05223891278089962,0.09789969880062205,0.07283247140410287
config_000282,0.05260912447627786,0.08216967958283128,-0.13399242595585556
config_000283,-0.09939939811512777,-0.11505436273627581,-0.1499122053316996
config_000284,0.20109132083307485,0.01984638677696432,0.25493404350070986
config_000285,-0.09161099690000005,0.005853050320651976,-0.20210126013232788
config_000286,-0.04108023564142599,0.13670874232890928,-0.15671688807891257
config_000287,0.06160355715552368,0.10781907024376719,-0.2226421246055774
config_000288,-0.011208092431128691,-0.14480550497861938,0.032842982488524186
config_000289,-0.01635626745277069,-0.23501466463506704,-0.07219213397776442
config_000290,0.29992857536750134,-0.04987507914301986,0.25016743283386794
config_000291,-0.03513534164072929,0.255011607899511,-0.012535621265083507
config_000292,0.20476477083217243,-0.07221796861213339,0.0526745905700603
config_000293,0.1770093392380071,-0.05617553665560479,-0.158792817464746
config_000294,-0.07323202470700685,-0.04088752341956914,-0.16407921882532622
config_000295,-0.04240995038038392,0.06264544212008599,0.05975391792396856
config_000296,-0.21531435817110273,-0.21882068201364652,-0.10795659301582372
config_000297,0.000494274448019083,0.16224270732970064,0.2758571880404423
config_000298,-0.16913723278749068,0.09179104191049126,-0.22626002441917775
config_000299,0.28383846808256613,-0.24053352460687805,0.2687524300137089
config_000300,0.17522966224459602,-0.23901499816153504,-0.20497625764711289
config_000301,0.04826236662991734,-0.19738665313769954,-0.23629266475270772
config_000302,0.23335118287676165,-0.029843382230936855,0.13902833509457235
config_000303,0.2570363973178376,0.1962672469567608,0.03238852524193209
config_000304,-0.024152315045490313,-0.11010056193128784,-0.2515423823945176
config_000305,0.18597188832577066,-0.16972579536045682,-0.114349261340767
config_000306,0.2551946945976094,-0.28922931952352887,0.25907401741810393
config_000307,0.0487552400719079,-0.21238185106404495,0.1511496778834644
config_000308,-0.21087763845529317,0.1360569207063308,0.13715979757127478
config_000309,0.20224885156630695,0.14638462727445267,-2.1841003323197494e-05
config_000310,0.03172750059679402,0.09407734065634549,-0.0951355816246813
config_000311,0.14427434580358578,-0.018045611709220477,0.299994984292479
config_000312,-0.15113528808902127,-0.16059304301803412,-0.04090888953402916
config_000313,-0.127225864908022,-0.038869008695029406,-0.09005966705623183
config_000314,0.157972280924443,-0.2327771831653847,-0.06942142440746898
config_000315,0.1371842620446253,-0.09280313808323143,0.2990297828335227
config_000316,0.08251700775076198,-0.20478550884950006,0.1628949535937746
config_000317,-0.1453961449765974,-0.2882118472911716,-0.06622274365134614
config_000318,0.2267316798059617,0.1732712098846802,0.24827212065596377
config_000319,0.019437060758285052,0.09367835846021816,0.08753880643933104
config_000320,0.14646695242521757,-0.016265802267116714,0.23255879698189846
config_000321,0.29238017656811005,-0.2474761480649847,-0.08667914966226434
config_000322,-0.09370029515353162,0.10782622490097904,-0.11339201032125162
config_000323,-0.024631229634475837,0.22272123412218442,-0.280810853362556
config_000324,-0.15579055222640256,0.05775508135072571,-0.07078374234769794
config_000325,-0.18485816812032527,-0.09933909019439713,0.2337754608209221
config_000326,-0.2092584537555109,-0.133965473932556,-0.21094457150873464
config_000327,0.17952034552615387,0.2524432322200291,-0.1089579941882606
config_000328,0.05565520385258149,0.2946740404723765,0.20682071616623393
config_000329,-0.2711749557517613,-0.14049425080632738,-0.06075142333308409
config_000330,0.2781382250967715,0.1796164689861901,0.2862592074233575
config_000331,0.13634815987065402,-0.01530308100203176,-0.2974088459834999
config_000332,-0.15303117734206104,0.012616321971282485,0.09486204610047944
config_000333,-0.1387968531091789,0.004390076916683416,-0.009186963414868132
config_000334,0.09147075914731378,-0.04541237785689517,-0.2265412941017081
config_000335,0.10379520728270547,0.272468780507426,-0.1952954265078125
config_000336,0.030972969378885107,0.22426152219545653,0.17435890868018344
config_000337,-0.23659316692453908,-0.026077466138420657,-0.24977926732673253
config_000338,-0.20176931982404753,-0.2745026541943667,-0.13296709224941408
config_000339,0.06342647668082585,0.16554564037713182,0.18707490536588384
config_000340,0.08399155367873401,0.2185013432044382,-0.03976020139829173
config_000341,-0.14770286056394163,0.05737125454435632,-0.21259425956730416
config_000342,0.013366354139532244,0.2213214277496241,0.2172976587452044
config_000343,-0.10667450284647959,0.2929216364398051,0.21582169904204024
config_000344,-0.2136288278286657,0.2671951503354703,0.14503452754877383
config_000345,0.008645057100849118,-0.15744190708266576,0.03191967120834305
config_000346,-0.09479499941657735,-0.12323070725865085,0.2631477191665728
config_000347,-0.08781795511142546,-0.2283495566376087,-0.21330984195796454
config_000348,-0.11275086683256144,0.06994392868693211,0.07931254518877118
config_000349,0.2972694660514866,-0.11979676034494338,0.19822933081026484
config_000350,0.2638830883653828,0.22350429054528026,0.1938525405223775
config_000351,0.20621143059940422,-0.10775876753004715,-0.09313135825983293
config_000352,-0.06033675772650221,0.01784668635986436,-0.03179424988483154
config_000353,-0.2699908760571947,0.18780260724082015,-0.2722640299220194
config_000354,-0.10458085460597591,-0.11229747693872164,0.081639797304347
config_000355,0.2877443466336996,-0.2513383409380039,-0.29851745188634
config_000356,-0.18187305686851601,-0.10198171613023774,-0.07540902621051343
config_000357,-0.1495651410004694,-0.2518149146019077,-0.24319769979307138
config_000358,0.2764252717351831,0.18541742298486347,0.28029739146628535
config_000359,0.03132823708322313,0.17272672863403837,-0.07991728580408916
config_000360,0.23909997314949533,0.18462400233105963,0.051177067915682106
config_000361,-0.2416745056689854,0.16750974160773036,0.25690746580067264
config_000362,0.07721702357958421,0.2676102243345005,0.13817797313433194
config_000363,0.12101603797345717,0.22617138762555805,0.1534736636671159
config_000364,0.12211536776476589,0.08810915901678518,-0.1981429634895005
config_000365,0.1700217611902109,-0.06851524030898754,-0.15497009989160856
config_000366,-0.014122045535090444,-0.2208380167078069,0.2250232742268658
config_000367,0.2244719471523003,0.19498097655154606,0.16041379775958098
config_000368,0.2601330286469768,0.11595704658711808,0.03789454975091888
config_000369,-0.15121229011037032,0.04708396120590208,-0.1736246765798527
config_000370,-0.060090761875106646,0.16867131354234222,0.012780349003307045
config_000371,-0.1169399654000372,-0.24914197944026922,0.0739239636275223
config_000372,0.13855556178558792,-0.05185001346906415,-0.005963956190107478
config_000373,0.1827925147362957,0.17037414341180201,0.09026188502379395
config_000374,0.1634663970540125,0.11842984314039207,0.22977857801836116
config_000375,-0.049675727349573706,-0.002102302878944362,0.21699082940149578
config_000376,0.1195691162595201,-0.060711441055422505,-0.06560951872029408
config_000377,-0.05569135414664947,0.19790660249726783,0.10860212548478693
config_000378,0.14455776921525093,-0.12697446338727517,-0.11693268452941774
config_000379,0.13325996402712836,0.14879964130996504,0.12499278279992088
config_000380,-0.06785287503226758,-0.06531909342446096,-0.19612116349476957
config_000381,0.11539026645004397,0.02674713915907445,-0.24702892518025787
config_000382,-0.03765752616847695,-0.2790911196660822,-0.014453911062002889
config_000383,0.12190479029695139,-0.14569709835826544,0.29182278483246754
config_000384,-0.20558168325714807,0.06663497954415531,-0.1835550270270983
config_000385,0.09565757886162063,0.20363500059178313,0.07676659499133265
config_000386,-0.02513528810498511,-0.2732440693726807,-0.09475879547769578
config_000387,-0.23630274463282108,-0.22184204046257783,0.18240124004614972
config_000388,-0.23589776886556,0.24276366905342034,-0.19166520239591667
config_000389,0.16681013287613317,0.11815779130082377,0.2524346209665153
config_000390,0.15480663445128573,0.03717391443944135,-0.09057886499244247
config_000391,-0.18458620234689604,-0.16115688607578374,0.04723996011746823
config_000392,-0.1469130500705688,0.08248236378791685,0.17582699704486443
config_000393,0.15939005552952712,-0.16727705213721542,-0.25290941152909197
config_000394,-0.19476094703979446,-0.1993554696780358,0.22809969072814268
config_000395,-0.07317682177805018,-0.26509959263772864,-0.2204291054942375
config_000396,0.2939399155343659,-0.03144146362970879,-0.2769335087874084
config_000397,0.16720818776501234,0.02109023210142491,-0.25496352472933176
config_000398,0.05731059087188123,0.0942928070783402,0.05985414942557443
config_000399,0.011971700398299367,-0.22925832908154406,-0.03441729234494939
config_000400,-0.0339975361904884,0.11056827185719564,0.22041606044599799
config_000401,-0.14163831908602337,-0.10578236597440308,0.19262124318570328
config_000402,-0.17649877003249248,-0.1068572626193175,-0.27818928128680814
config_000403,0.22118190090497952,0.1323376982973576,-0.14106574958131538
config_000404,-0.1454319012157879,0.2919356241023861,0.1302333242436211
config_000405,-0.10985455052136275,-0.20091237493112674,0.2052039998193717
config_000406,0.2149097731575707,0.2981470005267141,0.14836382252056318
config_000407,-0.2837581523480775,0.2699248890650627,-0.0037502430941913634
config_000408,0.14043143105413747,-0.12963039837541404,-0.29422256513844486
config_000409,0.19568400209002945,-0.038339221170125726,0.066450067425666
config_000410,-0.062480924547305416,-0.18174072272144592,0.16402804876013422
config_000411,-0.2997988574613821,-0.1300725285515751,0.18352405856627713
config_000412,-0.04180903898085264,-0.12831348178153906,0.07560079434515471
config_000413,-0.19863489857746308,-0.034488778321535074,-0.048598245497055714
config_000414,-0.22640334438321202,-0.26776818907279054,-0.23508067423235102
config_000415,0.0942989449490137,0.2394188908141785,0.06405427983063905
config_000416,0.24317858969832012,0.15874697937339538,-0.05904972237304501
config_000417,0.07805254111759274,-0.09686360762715832,-0.07644172087284978
config_000418,0.0017888184449985634,-0.07535860089872792,0.27921113183607543
config_000419,-0.21113463089937062,0.16920388838021522,0.23687898496834886
config_000420,0.08112650249355224,-0.2841849630607451,-0.19247117799016877
config_000421,-0.14699257569830723,-0.2624346549490403,0.04137509324150346
config_000422,-0.18318158971633378,-0.1174900397119932,0.09668947415464402
config_000423,0.07849632194982903,0.22134555445164678,0.09768018947659751
config_000424,-0.127775717186919,-0.10513959702257025,0.29004589229398986
config_000425,-0.20483600213974437,0.29182255510048655,0.15518838837609383
config_000426,-0.278807093519254,-0.027597544065092572,-0.27382868606748706
config_000427,-0.14361241538580566,-0.07101344235035453,0.22419745357569604
config_000428,0.03595626716581801,-0.22835272572539123,-0.29922530648828366
config_000429,-0.08361352933725477,0.018805035897281108,0.16744063205367665
config_000430,0.04185496690132873,-0.014879942389757372,0.1211445229333954
config_000431,0.2894286005781655,0.05186519947157542,0.03466947057252345
config_000432,0.2913763316854559,0.13146042379666995,-0.13354082091232405
config_000433,-0.03795124638966768,0.2861767812896982,-0.26289015039565794
config_000434,-0.16999241398124723,0.2480389743187144,0.08658520813930959
config_000435,0.20447508989415458,0.17215077337233337,-0.12173603705449057
config_000436,0.06398358208166438,-0.08333149634915685,-0.08822967572292015
config_000437,0.0662789495428856,0.06188908485957034,-0.1512182302108415
config_000438,0.2913431049370621,0.01542254886061628,0.2977437788352045
config_000439,-0.21364470541421052,0.2973760301975637,0.21910272042989914
config_000440,-0.06589248343416251,0.21609371216797862,0.10894355190523419
config_000441,-0.05670780751652277,-0.19473758281571701,-0.050163636629505265
config_000442,0.29651223675639343,-0.22140472142393852,0.12948502433736514
config_000443,0.007460846406385557,0.2872609393326285,0.07990933870143863
config_000444,-0.069087539870679,0.07866344759868904,0.16138905355111027
config_000445,-0.17777945578215848,-0.22448540859031818,0.1861755226655326
config_000446,0.03830984126342496,0.19971736044056937,-0.2882590183242234
config_000447,0.047796524222769476,-0.0780223735314651,0.21243324698569482
config_000448,0.012125693398238602,-0.07944231717689054,-0.11813263804646332
config_000449,0.2612451244384109,-0.10779208327708148,0.1286741775847614
config_000450,-0.07451317341314279,-0.09137638798985101,-0.17830929795137213
config_000451,-0.1500048089383011,-0.07033097997176285,0.15129539381549179
config_000452,-0.286389518753345,0.03294751507095872,0.23133313545152473
config_000453,-0.03407543950393338,0.027163570853093177,-0.28807189312958326
config_000454,-0.03890432802483523,-0.1591035959916809,-0.030847620386924623
config_000455,-0.2572392505199047,-0.014885526445631236,-0.18814835577767408
config_000456,0.23292946512567952,0.16119045993940273,0.018725654475538256
config_000457,-0.0710399852641519,-0.04605404861508766,0.11588533723372146
config_000458,-0.0621931338251534,-0.20865870158695993,-0.14798540277967334
config_000459,-0.2848017734836059,-0.05425006083011935,-0.2985795998526714
config_000460,-0.0607419846785377,0.07774948874602655,0.2159672985800371
config_000461,-0.1630884889065388,-0.031460275086648004,-0.0980676669347717
config_000462,0.06101196449064089,-0.1929075851707978,-0.08490657147181274
config_000463,0.06488735483620278,-0.046760575384235226,-0.014617215240908865
config_000464,-0.1961723596220033,-0.2898588584828341,0.01756669900422675
config_000465,-0.060451480201169694,0.26324908414234577,-0.007403440719571552
config_000466,0.29365036451749144,-0.03886743259394548,-0.06663437901602245
config_000467,-0.16722257993239767,0.28955312330894606,0.11193537599587156
config_000468,-0.22145950203166087,0.04833861390140465,-0.012463608196892906
config_000469,-0.03355411190529212,-0.18296975177215646,0.29052401771136566
config_000470,-0.2509923722076614,0.14657359084000404,0.28010430970522476
config_000471,0.17979763086675404,-0.09563095541142844,0.24025413954794345
config_000472,0.2583077503870846,-0.027865503136703607,-0.03658164207805342
config_000473,-0.2272219838620258,-0.15394529240801852,0.2280750419942807
config_000474,0.28406292567215546,0.2567604313607999,-0.18677982635563467
config_000475,0.07909245039233714,0.03834625669854358,0.11502606395028281
config_000476,-2.1706112665831334e-05,0.26070683331345784,-0.1362325094431382
config_000477,0.09275125716594701,-0.0031806847055581566,0.16885478219972128
config_000478,-0.21769780994344134,0.16122573138413565,0.27675154973348753
config_000479,0.29582868682721214,0.15324609453705224,0.20386000808773702
config_000480,0.0788036463534661,-0.246081895729906,0.20642463200498656
config_000481,-0.2410562782980001,0.2565948869519595,0.22098099973090585
config_000482,0.1926330081440512,0.0153472170383529,-0.07817730248533927
config_000483,-0.19467106973941434,-0.0437996150449011,-0.22110436074005488
config_000484,0.027270591419407464,-0.1318748676976305,0.16814834311515442
config_000485,-0.1514534390580791,-0.22083812814149467,0.14695314362464107
config_000486,0.2151794330636096,0.10923832228703773,0.053641741591701875
config_000487,0.0317442402080898,-0.029707555793344498,-0.19541030526560177
config_000488,-0.24180466568349523,-0.13551865049076664,-0.232883791953653
config_000489,0.16524539097619045,-0.2572049826629827,-0.04685052830102843
config_000490,-0.13888463607062396,0.1492184009518292,0.2687108040338407
config_000491,0.2220156307049585,-0.17429703213151707,-0.14421566543451983
config_000492,-0.1267510615220602,0.23225151175344166,0.09863711973521427
config_000493,-0.05373328265727295,0.019089757763847248,-0.28817773496299376
config_000494,-0.011269780752446446,-0.2252519776266177,-0.0963929203145533
config_000495,-0.03158929064518051,0.021365173922698544,-0.02083741186786403
config_000496,-0.25167645094111935,0.05735861448198831,0.23890132827536953
config_000497,-0.03403760152020585,0.2545661632261071,-0.19517103057401775
config_000498,0.1386222187848714,0.23794650089068875,-0.24024921237096492
config_000499,-0.01828261276025006,0.2673391733369875,0.0416119846757268
config_000500,0.2861770830693828,-0.174528138164911,-0.04771498918686523
config_000501,0.1608786434515153,0.10182810505513157,-0.15215524604569414
config_000502,0.10860156062843174,-0.01922158685677744,0.05259762255216682
config_000503,-0.07071123626843318,-0.1978496351598505,-0.28941626527127323
config_000504,-0.16241722754768656,0.07300924664217068,-0.07067968485003548
config_000505,0.1757370893760009,-0.226610641363319,-0.2346531020454634
config_000506,0.2813451602190163,-0.04813103713873035,-0.2680358600225107
config_000507,0.0116510356749146,0.2036980085483851,-0.2617300888048666
config_000508,-0.19420200669781051,0.2947894757232599,0.23520511425302165
config_000509,0.20613654190720737,-0.24911898692891266,-0.2641100352083304
config_000510,-0.23363853792889885,0.20408202420749227,0.13563290846832698
config_000511,0.006458829858996595,0.10451696772905306,0.25437760538712967
config_000512,0.23496088641696194,0.2988730026483806,-0.0746400515163527
config_000513,0.048886746583748086,0.043915911925325124,0.07171326073776002
config_000514,-0.03413577447893301,-0.1756323419673082,0.031901834485405345
config_000515,-0.030902031580504863,0.14652681196867878,-0.09363353732627425
config_000516,-0.2573704891810076,0.044220680117436295,-0.03669450377727629
config_000517,-0.27609952903554696,-0.28180658684523857,-0.19208308829998677
config_000518,-0.07769280845050039,-0.17520158639329336,0.022457414193280845
config_000519,-0.16520065079529736,-0.10881234507954701,0.16583197601310823
config_000520,0.26020114202768746,0.12159746041151737,-0.2879009123992468
config_000521,-0.26349870874433823,0.03443432824080278,-0.2874660269750607
config_000522,-0.02688515381207557,-0.04871996365868719,0.03782520729112637
config_000523,-0.10911089928660148,0.27970886224274877,0.1311770853084675
config_000524,0.01284052033343308,0.27471814736438777,0.01676023079083755
config_000525,-0.07737965652584955,-0.06748358184519515,-0.1641190719639016
config_000526,0.22202731098472755,0.07525881651127209,-0.07698372561915262
config_000527,-0.1982908454474793,-0.0829646941094071,0.13314525739168148
config_000528,-0.05903900793174341,0.2923419034113857,0.13514779085803674
config_000529,-0.16378815590058757,-0.09360374619080172,0.18748102214677592
config_000530,0.13907536336230752,-0.17057795613644838,0.1849781912827923
config_000531,-0.03513559823835527,-0.15831375088847202,0.22804741170841109
config_000532,0.12120709874067614,-0.09020806935080686,-0.2751872902534776
config_000533,-0.08587482257678164,-0.0012363869275971995,0.13741204388969847
config_000534,0.009598897183623778,-0.17719001959747957,-0.09237951293737479
config_000535,0.0322748840119928,-0.05463267916145034,0.0630662568758299
config_000536,-0.05913231839430641,-0.22282913760117307,0.12517205500417578
config_000537,-0.04547668404353383,-0.18802113406384252,-0.05204221506079704
config_000538,-0.059965196445119995,-0.02925992182762782,0.05125594890388707
config_000539,-0.1394452069920062,-0.1421786864451862,0.18642915975014795
config_000540,0.12965626822007664,-0.25195628177245005,0.12022947411329737
config_000541,-0.04589448638733645,0.005139467410481324,0.2561351615403579
config_000542,0.11301171322112719,-0.12077670759797135,-0.28226047362183776
config_000543,-0.08044575759106432,-0.14581635928848147,-0.294328629585704
config_000544,-0.2036574264680041,0.21517219805584925,-0.005640392544610795
config_000545,-0.09296728263785706,0.27940919782798285,0.2325643543908525
config_000546,0.19785088441304644,0.27774127267222687,-0.14679335257453333
config_000547,0.04158975122085645,0.08220041036523279,-0.09637326547950417
config_000548,0.03521244605758178,-0.2473819917363438,-0.02586286798827353
config_000549,-0.2378803748284563,0.21048175103340877,0.01909340929523301
config_000550,-0.17872105599380278,-0.2576882292179428,0.1598803961791228
config_000551,0.22344963554174196,0.08552162305467603,0.09876061216381415
config_000552,0.27843078273992367,0.22860814887526643,0.08036890831859261
config_000553,-0.19789663444265643,-0.07834263129093896,-0.16383538165141703
config_000554,-0.23705808225769176,-0.012770622589929947,-0.22144552599070283
config_000555,0.006368934607790755,-0.2775008718300916,-0.027320533667329117
config_000556,-0.011238008919294051,-0.16408316809866133,-0.09965739073547078
config_000557,-0.08314360700963314,0.2677506945786841,0.2942675241502995
config_000558,-0.16197761411929754,0.20105862713073824,0.021439822013914034
config_000559,0.009623844354194833,-0.2807808828949547,0.15012614531469703
config_000560,-0.188602892767344,-0.14360804756523562,0.025093372899777533
config_000561,0.07239130475282674,-0.0348616910090348,-0.25993906223460894
config_000562,0.23968729780690584,-0.022281066632827917,-0.14404229974889884
config_000563,-0.03256666793281876,0.14926105111448312,-0.11568041193508663
config_000564,-0.09184358366820991,-0.26102827998692446,-0.25461535244672895
config_000565,0.17493352356052205,-0.12048502396721136,0.10902177864514406
config_000566,0.28769556097228005,0.023389457259744673,-0.22419845241036637
config_000567,-0.16973690977305048,0.17340266342328053,0.032415554898170384
config_000568,-0.015734839371584708,-0.2793657633574104,0.19801758704236128
config_000569,0.08668091224389918,0.18445558654046817,0.13412888344836393
config_000570,0.15667295700839984,0.15235835390161262,0.1991579198646492
config_000571,-0.013121413299285012,0.059131551456847065,-0.038789665535847895
config_000572,-0.17345112009197178,-0.20750207557574518,-0.2121519942715252
config_000573,-0.13011799415764796,0.26948317921984716,0.1527079338546281
config_000574,0.07568023957045444,0.22389036183699124,0.2646577903417178
config_000575,0.19149609573525034,0.0783613146081027,0.21284140847929117
config_000576,0.21052089700112137,-0.11991597343256857,-0.2612163537690056
config_000577,-0.05962325868088342,-0.1378024276514456,0.2714409027903704
config_000578,0.01713993397953867,0.13176714273451934,-0.052486178836868236
config_000579,-0.2454334170139364,-0.16474574720811172,-0.15222225216891325
config_000580,-0.10052923378664241,-0.28387357706297195,-0.04902026091710532
config_000581,-0.040288612385163514,-0.2268532970374758,-0.05891446174448925
config_000582,0.24123640697803844,0.12109246801169493,-0.08633236582073181
config_000583,-0.29267063271439747,0.2947327762527315,0.19629624062536427
config_000584,0.17149683810497401,-0.15386184880757406,-0.0078081168730439465
config_000585,-0.2919350088592988,-0.01998843056898497,-0.03781144080246318
config_000586,-0.24339144922882291,-0.025755077291330475,-0.031030314816118676
config_000587,0.033107929240199674,-0.29725876200305246,0.10776022607857011
config_000588,-0.2520011194226885,-0.2669622083875368,0.2575380938370801
config_000589,0.04547627910000973,0.15873784004624403,-0.19198226289613962
config_000590,-0.2604722105490897,0.2084472148326148,0.2966947766178128
config_000591,-0.20423902105419467,0.27734606520409805,-0.18135963997679502
config_000592,-0.25644959494099684,0.2360872306470611,-0.015421440283692411
config_000593,0.025012741896179524,-0.19224054187145473,0.14790781344800458
config_000594,-0.17721161515209571,0.24745733711171652,0.24881541194762963
config_000595,0.047009473765691756,-0.015064185396415908,-0.2085930087586984
config_000596,-0.1282720655581529,0.15914412472988104,0.08334292402920074
config_000597,-0.09665780685346309,-0.0037256747997042594,-0.006248814448934936
config_000598,0.22642103891799054,0.2499601106383959,-0.18880753675215708
config_000599,-0.24508451485408916,0.2392733206897129,-0.01668288064298412
config_000600,-0.10929303796798587,-0.27907058442881566,-0.14213413169433411
config_000601,-0.13972731459625382,0.06754320945111264,0.23620058893645585
config_000602,0.24043637852852157,0.039007495837195594,-0.05457593327772586
config_000603,0.2781721890517768,-0.251223384887243,-0.12539930209273786
config_000604,0.04452307079889212,-0.2370537249458184,0.07090918983484695
config_000605,-0.1938058536016441,-0.11319928023058126,0.1390459396229239
config_000606,-0.1971301009918634,-0.08975865301678221,-0.12088661666718822
config_000607,0.09276442009767061,-0.0010331905554892273,0.12373500177077273
config_000608,0.25949637679959264,0.13041725626775902,0.06656096500110137
config_000609,0.13419652326089765,-0.04377300179387522,-0.1201054564973156
config_000610,0.05047440292509475,0.21724437858357754,0.26369777576509085
config_000611,-0.07916253546542587,0.060741126273929025,0.2651432361362585
config_000612,-0.18493891288350767,-0.18113465483602464,-0.27826451482581555
config_000613,0.24083415873182995,-0.27145365377803565,-0.2743226416693113
config_000614,-0.18645043105822495,0.07122631154724673,0.17805196963253206
config_000615,-0.007744593965148927,-0.2315059537888458,-0.06696192045820881
config_000616,-0.260349128182019,0.02739820720523356,0.16800629911624143
config_000617,0.18585759130077195,-0.13894686870941092,0.06818692041402924
config_000618,0.15453076433855495,0.20410417374422868,-0.13998966632748602
config_000619,-0.14011846364041852,-0.2146874996315735,-0.23318491491743706
config_000620,0.1588588068068562,-0.07561892822847041,0.07063314612300964
config_000621,-0.29576189223957955,-0.21943819623128274,-0.07653499699278646
config_000622,0.076723787097982,0.15309673236507887,-0.1394283939018151
config_000623,-0.12384888124306231,0.2374835439360758,0.22869788273481623
config_000624,-0.20405916069034385,-0.013529650987485764,-0.12199512366054038
config_000625,-0.06940115671525027,0.20505342739112514,0.23440016466308017
config_000626,-0.2152880673851485,0.11072645391761532,-0.04546194678676885
config_000627,0.07038239404001245,0.26442311560954485,-0.037699367277873486
config_000628,-0.030696060995135888,0.2700759622013033,-0.028194467375377896
config_000629,0.12281040345408034,-0.12569638514547235,0.09673214060162078
config_000630,0.25409418339046613,-0.1643495586951018,0.01725814991189678
config_000631,0.20751515921448532,0.1956913395750845,0.14145440050711355
config_000632,0.08227813461470412,-0.1666307311153377,-0.2085698791540932
config_000633,0.2005341002418825,-0.2731445810702454,0.1136180616453632
config_000634,-0.18928952481040678,0.0766425408676854,-0.06934116320993028
config_000635,0.2958557859750131,0.08294468028291568,0.03438649714416886
config_000636,-0.19415964830171456,-0.2693696131550846,0.14240884201454912
config_000637,0.22141017948180802,0.017945972269679367,-0.06239414418552208
config_000638,-0.19569530868111734,0.177025117529155,-0.05653372736626189
config_000639,0.10225349779834014,-0.06887327047323383,0.1174389922594859
config_000640,0.09704466489510255,-0.010083730833249427,0.25528873709474725
config_000641,0.058318419206603134,-0.14780080066880436,-0.06593775357097315
config_000642,0.01445536831221289,0.22140296256334174,-0.22279377635289482
config_000643,0.2362743325652566,-0.26131684988668497,0.16110280755280393
config_000644,-0.15708389849423646,0.22393317043300914,0.2755254324397041
config_000645,-0.11902799336557837,-0.03714063600020262,-0.10816076353494308
config_000646,-0.1613242491129067,0.25388789281422125,-0.16338556512851035
config_000647,0.015222603562883463,-0.09842990148552244,0.06942825612174969
config_000648,-0.18131108473230778,-0.26551703966446133,0.23337522974927322
config_000649,0.20156361563756314,0.18081885617458088,0.12124419264668707
config_000650,0.15865484455602014,0.27270585285938925,0.033317731153109376
config_000651,-0.12578187990609446,0.21416678341416,-0.27070905560498587
config_000652,-0.04898952434971671,-0.23454617672172962,0.034657701306181954
config_000653,0.1520298636697202,0.005238178245402514,0.18009563531340006
config_000654,-0.04281024809663825,-0.2771830881982396,-0.05823840674848932
config_000655,0.11158011447910404,-0.15569562906711493,-0.17626303569993274
config_000656,0.19224461649719587,-0.05799856611412396,0.1925336565459218
config_000657,-0.05484666717978687,-0.08307354615044266,0.17764908936113238
config_000658,0.25868674889550586,0.24344734562438547,0.09016386733942311
config_000659,-0.288498935040593,-0.2620389602642958,-0.26192262867021626
config_000660,-0.28732233921427014,-0.028437799564567823,0.16257155866958062
config_000661,-0.13131454456191796,-0.2734608282067658,0.18196573043519887
config_000662,0.06082983241135742,-0.13361807161166364,0.04377638532369399
config_000663,-0.17476083128142023,-0.05419966189456718,0.13249156863036188
config_000664,-0.20188157310970745,0.036840166738390245,-0.07683305800510559
config_000665,-0.0034292101959289556,-0.02622508442389776,0.10092934070844684
config_000666,-0.06785704769562662,0.17637801477355847,0.18372254636591084
config_000667,0.01592973463673336,-0.11613970461838297,0.21490772174496126
config_000668,-0.26834288678187823,0.019832751455527542,-0.08946436340758651
config_000669,-0.13047490702523676,0.14503268809697695,0.2477052395370299
config_000670,-0.10371057144551787,-0.1312031989926535,-0.03605761149468928
config_000671,-0.08548054211425074,-0.28054369757261877,0.20727757778070438
config_000672,0.032109230018786405,0.12613116759704512,0.24792095109895923
config_000673,0.03908511873229237,0.16350392260249214,0.10018247238013589
config_000674,-0.04464441735222008,-0.0145548687408934,-0.16153926734275265
config_000675,0.1991589498288454,0.1880848404438969,-0.06776428472738283
config_000676,-0.04614999005424064,0.08028400802314539,-0.09997796102845549
config_000677,-0.20117626203772476,-0.27189099632541075,0.14976187907252247
config_000678,-0.11820336482190533,0.2026513664052903,-0.10463113264436316
config_000679,0.2617574999906673,0.07848522132869507,-0.1691322282682917
config_000680,0.2894450630010644,-0.2572759606811808,0.20679898323469365
config_000681,-0.23886394235555994,-0.29057552042445084,-0.20984149448457876
config_000682,0.11311564064950086,-0.25624117631221827,0.18856782270429545
config_000683,0.052968244532051956,-0.23674020932651202,0.2077204812748193
config_000684,0.2262442710274683,-0.1253154259649278,-0.20505797438874074
config_000685,-0.21661246706026072,0.10409689577702208,0.29121850370896224
config_000686,-0.25211234217878165,-0.13647096172296336,0.005573702177987638
config_000687,0.029962976603930547,-0.04793077351337849,0.2802314631997839
config_000688,0.043565352988600925,-0.11978840316707531,0.047204616296023294
config_000689,0.19932830134461293,0.16884716972583302,0.11567839025229887
config_000690,0.12053339289983406,0.19402106289653553,-0.1756405639369459
config_000691,0.08716037696627371,0.18199054812755316,0.2878676684684491
config_000692,0.19428637518451142,-0.24645254658368362,0.15192657801938875
config_000693,-0.19188151289804029,0.083717197381867,-0.029378753692451798
config_000694,-0.2573498736927531,-0.004623156927652139,-0.1485067923539302
config_000695,-0.07033061482916075,0.26271413724844955,-0.18893153276250868
config_000696,-0.1301224116144635,0.019412310944334876,-0.25350106009480095
config_000697,-0.2401741347127685,0.27213962597321967,-0.007316505983074817
config_000698,0.28449866661274287,-0.0844280441315034,-0.17462372606255577
config_000699,0.25830029222631373,-0.19434534016284177,0.26497649149705377
config_000700,0.0975396418096699,-0.2171815819338303,0.1976515448881216
config_000701,-0.16420259495790626,0.11405601955587008,-0.13431980678495556
config_000702,0.17523355802797563,0.2947119629654504,0.1588942840758305
config_000703,-0.10393028045881064,-0.21889921056667755,0.17607883867053897
config_000704,0.13884763521430038,0.11313199254005563,0.1706266396734064
config_000705,0.28417513450883275,0.16445880977302646,-0.19645317718566743
config_000706,-0.029424357439952975,-0.22065423624613262,0.2912204968980972
config_000707,0.1449146449731421,-0.0440362609236592,-0.03121538969048998
config_000708,-0.2719949791073258,-0.08025352559395327,0.1631422473918978
config_000709,-0.20179455576534727,0.018055264210000144,0.06034821945984009
config_000710,0.02373535274798033,-0.1705128918597211,-0.09672784811168353
config_000711,0.040004094923386024,0.10471744690383145,-0.172907405164409
config_000712,0.2904066272102637,-0.07343049647090011,0.2618880000684867
config_000713,-0.054642605235441954,-0.11588061864524438,-0.08647082576753762
config_000714,0.07215664509243158,-0.23536935271403764,0.0014762322871566536
config_000715,0.1642697798730674,0.13465656727431674,-0.0855176150377347
config_000716,0.09639881889635038,-0.07062912180861727,0.22219546178526856
config_000717,0.1520677926075366,0.27497441763471947,0.12784078877750082
config_000718,-0.2860686583292246,0.16745436858529583,-0.20344815657968157
config_000719,0.2133989389727326,0.014690926913462743,-0.25410889091537764
config_000720,0.29008801838859505,0.10503410042149458,0.26022889458136883
config_000721,0.09531333540779485,-0.1742668948221967,0.2518720444000874
config_000722,-0.000656311460572101,-0.28192695798081635,-0.0003769946665717616
config_000723,-0.08924098863554786,0.28928885079822847,-0.09091375788621764
config_000724,-0.17966663566772043,-0.009603321270983622,0.062464171927467005
config_000725,0.27362509689867004,-0.1778604689523514,-0.19664136276022132
config_000726,-0.09495952886308864,-0.07500029177020193,-0.04931274063413427
config_000727,0.14291250974865233,-0.20468828241403658,0.12541725152815214
config_000728,0.0007455000846581794,-0.0023714546137625914,0.2517178979319786
config_000729,-0.07004282139974657,0.03788367264011733,0.14195570030171434
config_000730,0.14025723943589352,-0.08753881192350157,-0.10009308892612936
config_000731,-0.048654491150489754,0.020097004103232008,-0.061477709222717364
config_000732,-0.1307379912386458,0.27545197151670114,0.2712812168150061
config_000733,-0.21549255118246724,0.18556155305089944,0.27102067488700915
config_000734,-0.06533824767852342,-0.06625436160055756,0.24696490797275433
config_000735,-0.00939994146430595,0.2859317666149566,-0.2814367357667365
config_000736,-0.12158578439645554,0.2157718312541655,0.15902558726451477
config_000737,0.20643969498631382,0.17354057718146104,0.14892560565270585
config_000738,0.09362694882469103,0.06296059891090544,-0.1957225641090543
config_000739,-0.03769178785234706,-0.06290956534844952,0.059568463759987256
config_000740,0.2850823077833948,-0.2542636309146488,0.19935112758154333
config_000741,0.22260961043937127,0.19212356975806882,0.11759365190067039
config_000742,-0.01104204523754626,-0.17241402693512714,-0.06941051027722728
config_000743,-0.27536229824332303,0.2848517582667584,0.16670178517312456
config_000744,0.2721018210015543,-0.02181838020284893,0.14191542974229054
config_000745,0.05966919746828919,0.08901246309885541,0.2640479213317181
config_000746,-0.03860580391709989,0.06384476190375177,0.17685892078008947
config_000747,-0.1502417684822515,0.06173160327897076,-0.13514461426843358
config_000748,-0.26206232599717777,-0.16746470472269723,-0.2748310978263067
config_000749,-0.05137722522698085,0.18604223353752447,-0.00925460845709436
config_000750,0.13412551055291327,-0.27473020400130543,0.051442297591502206
config_000751,0.1324070748121292,0.04684199778562509,-0.1452117503184295
config_000752,-0.2776500663546036,0.27060061307082534,-0.20808693130241757
config_000753,0.1671392541119029,0.013533469758246708,0.0640755548911659
config_000754,0.2669302504852242,-0.04361536400622207,0.2706202408271307
config_000755,0.011048022865448315,-0.09521733973178226,-0.07778687119680122
config_000756,-0.0364183667182294,-0.15423826600754537,-0.0033157771603508635
config_000757,0.026184887232404863,0.22039732875400359,-0.19659662879854894
config_000758,-0.29724603158519797,0.25608721997407785,-0.20460518940220973
config_000759,-0.16451854582277095,0.2738675953956043,-0.017419803307785475
config_000760,-0.23453838138114733,-0.22201299083973525,-0.1325673262270478
config_000761,-0.2871565540122876,-0.016961902201251156,0.2719571948242084
config_000762,-0.18692254132949437,0.2437885810715949,-0.2841029090540939
config_000763,0.018088710973229283,0.29372980473118154,0.0652098288730113
config_000764,0.025967197938416897,-0.12733568358262076,0.032457354424548224
config_000765,0.1706943060664985,0.19837970159979496,0.15561840790694037
config_000766,-0.018575046226572023,0.13223206039796725,0.18794372942295245
config_000767,-0.29828449937468815,0.06823620366004712,0.0912869966682533
config_000768,0.06528558195076589,-0.02711378162912953,-0.2697121040630258
config_000769,0.02283379744935643,0.05876250387880777,-0.26859425608866233
config_000770,-0.12130570197124804,0.2774184007483071,-0.08891665897551312
config_000771,0.01407211726332891,-0.2041583595973399,0.04424470820815607
config_000772,0.10190879424513466,0.266647385241427,-0.09796507957257342
config_000773,0.2214226399459142,0.26029157691954324,-0.14406482698281722
config_000774,-0.10463009436403645,-0.24235536858310827,-0.26456044114777816
config_000775,-0.14582793331943691,0.18002984669561245,0.06518919907493209
config_000776,0.27281898473917093,0.16824104839462534,-0.03179126578227953
config_000777,-0.11640013555761422,-0.07823492201489443,-0.14183063969147416
config_000778,0.1823518277283317,0.06632922933429192,-0.07622271427636906
config_000779,0.07089818280869903,0.04508219408319597,-0.09841902779443015
config_000780,-0.27923913788242444,0.27444904369966167,0.1413838832688294
config_000781,0.19463803396581986,0.2596128405879566,0.2541222698282419
config_000782,-0.16871172416078853,0.2134503562539824,-0.006901419327806413
config_000783,0.26215013916690527,-0.0988352204736799,0.024713488100276515
config_000784,-0.001321686824002466,-0.2992027578766972,0.07327935218834075
config_000785,-0.03745307701818201,0.07211151304770796,-0.299562732380969
config_000786,0.020632483787944245,0.06270503230354718,-0.10606131914830397
config_000787,0.2717930966554672,0.02186947963696617,-0.19988072316862082
config_000788,0.029263881452701868,0.11165484318503083,-0.15120936772940585
config_000789,0.1426996794762433,0.2310947195853385,0.07029338536562668
config_000790,0.10016965481938661,0.10024901852723522,-0.00013838764763957068
config_000791,-0.13088131600659852,-0.03162316243360891,-0.07436508536437647
config_000792,0.0411483007168727,-0.12359851660004031,-0.20992468993123622
config_000793,0.05208612609201624,-0.07904135208799237,0.014093979076158225
config_000794,-0.1811549366975408,0.12955116418638224,0.10886126966633491
config_000795,-0.2273447809877152,-0.10250662267134428,-0.1905421570822045
config_000796,-0.11838595813338848,-0.2386382227178816,0.022175079979233847
config_000797,0.005580437475532607,0.1774550347084214,-0.1351677790931071
config_000798,-0.08978876017569182,-0.09426177789174384,-0.29010469736364447
config_000799,-0.29719803080516655,-0.11216113985355958,0.2426246114116945
config_000800,-0.2910043690664516,0.1019811487078478,-0.11764770275037037
config_000801,0.08367335502730866,-0.13815861196450877,0.0004877520315648143
config_000802,0.20630051358184526,0.0684814212337343,0.22061068306194892
config_000803,-0.12396417205637691,-0.09030351146843812,-0.16268956161015796
config_000804,0.19483870377059076,-0.01027576287988985,-0.29815861480368255
config_000805,0.16860624219654335,-0.1370726268863144,0.20464525746780543
config_000806,-0.16306207795633157,-0.2758322395073318,-0.226663362861665
config_000807,0.12349094464058974,0.2556671831943294,0.10568120692281519
config_000808,-0.2388026165609326,-0.27418430170643204,0.22316754619574325
config_000809,-0.27269280478569463,0.18414329908754673,0.2098591951451429
config_000810,0.09491359425039231,0.21205114632159244,-0.13584125893221924
config_000811,-0.09695267958837384,0.18204802818677396,-0.20349572498948199
config_000812,0.26452073146688965,0.16156593034233763,-0.26302413805493785
config_000813,0.21518676872729353,-0.27445893795252085,-0.09414329703705046
config_000814,0.20686816604730102,0.09707894637254944,-0.29870455234773713
config_000815,-0.12328305283580329,-0.10956877101676568,-0.12228111727338234
config_000816,0.2797646003567949,0.2249775452331187,-0.10373225456466265
config_000817,-0.02271341676272509,0.1119858225626425,0.04642154818819799
config_000818,-0.2644863951512214,-0.10560869652362112,-0.2264665622331749
config_000819,-0.067948390563209,-0.027638654355056802,0.14255327308659949
config_000820,-0.11662056458758802,0.26978474858368146,-0.2659729280747968
config_000821,0.02007574716769872,0.29467516611579886,0.016438849261531163
config_000822,-0.06524379862133509,0.17836350842551157,-0.0326131554621748
config_000823,-0.04238172267479967,0.001467882607426807,-0.22621653231739908
config_000824,0.029197372539177202,-0.2389298235678026,0.25548851434368586
config_000825,0.17314178391713686,0.09450195376197967,-0.25664857108578987
config_000826,0.07723966911851932,0.16492718472104878,0.08369691898146436
config_000827,0.13384491214693817,0.03956565646049781,-0.06949290876781261
config_000828,-0.020600847671147893,0.2914050167249264,-0.16226705719479226
config_000829,0.007523272797673841,-0.14856240513322352,-0.1671961637764199
config_000830,0.10869204000451033,-0.2797075788330526,-0.009237397039087769
config_000831,0.03902608123757323,0.05409555200605093,-0.22727335017408334
config_000832,-0.27175547372681486,-0.002002596508573151,0.2302925569961634
config_000833,0.11316319254353391,0.010436002412138157,0.2861952047935598
config_000834,0.15238926783362755,-0.09988652998581407,0.06610223931520037
config_000835,-0.1481506921212585,0.22042506913414545,0.009243188254805634
config_000836,-0.15856871739938966,0.2511641576031158,-0.20115901654567425
config_000837,0.007496599031244944,0.2997215040345133,-0.10489486790586003
config_000838,-0.18390374416485683,0.19832609591385125,0.2576722084299909
config_000839,0.2990147415408622,-0.2921130276316118,-0.12650809012823605
config_000840,-0.21225383960821584,-0.10811254493946146,0.08040041425125
config_000841,0.03030405374913764,0.1359254449399237,0.025117732271007887
config_000842,0.028514432212340957,-0.09335164978274893,0.2344119540760215
config_000843,0.0663584581283691,-0.0003378225390471279,0.01616362244136088
config_000844,0.11720090853764459,-0.2905231521618526,-0.2269995156386812
config_000845,-0.08859808226601215,0.08233085452134459,0.004377070801056926
config_000846,0.2927231659637672,0.25367104050397155,-0.18934507833710584
config_000847,-0.17367004164764158,0.14647195462792428,-0.037392236723574945
config_000848,0.08110700352120936,0.19750346807704322,-0.29731041901058397
config_000849,0.04206771831193534,-0.2782637811004076,-0.04036139136941164
config_000850,0.2191339963427255,0.046017396410787226,0.29129191976914165
config_000851,-0.08051990086916577,0.11451907076096951,0.18943982784829877
config_000852,0.20049233372798186,-0.013329485374688588,0.27621047625891876
config_000853,-0.229790771830161,0.23130302399787822,0.27455671773741547
config_000854,-0.0829526982359336,-0.24452499001645756,0.21503651835717424
config_000855,0.14788655213296914,0.005718607635726236,-0.2880822160201923
config_000856,-0.06907427102218544,0.013455444265372318,0.2186012232330961
config_000857,-0.21254221050224076,0.2863873667385007,-0.28283373794243294
config_000858,-0.11777430779055675,0.1102745740266044,0.06108873809790749
config_000859,0.18900253417326912,-0.15742578992099082,-0.1284129876661138
config_000860,-0.18119355195831288,0.10667848907852456,0.18003980676056536
config_000861,-0.2105164756467185,0.049197946783427204,0.07473625109583693
config_000862,-0.207811901486269,-0.15464046839173776,-0.09058240080129831
config_000863,-0.09515802540757548,0.0032659169818332057,-0.11367767336536791
config_000864,-0.2890828617233488,-0.19864305502774626,0.25141534775458946
config_000865,0.01817360307001703,0.28307940171023976,-0.26658630508302855
config_000866,-0.01963227347733254,-0.003460252364391403,0.2869305051901591
config_000867,-0.1873242229023335,0.2044051333738353,0.14314332994007695
config_000868,0.0029590379142677703,0.20945094371169787,0.13222358378593901
config_000869,0.10252059172236239,-0.2743785393011751,0.09985540845757718
config_000870,0.11684577737891566,-0.18574395367782198,-0.07186732521354175
config_000871,-0.16528663759049814,0.24475783399177659,0.27594312515722347
config_000872,0.06623171137732464,-0.21666228600537918,0.2164043215150529
config_000873,-0.19337583481037435,0.001460511636004913,0.039427376199501984
config_000874,-0.06911498962570711,-0.054773420739263,0.1247694541378786
config_000875,-0.08696409287184517,0.20832716903151655,0.10657871973867611
config_000876,0.25811825667221217,0.133962601827322,0.050857233819433245
config_000877,-0.13363598747864783,0.1835535792106841,-0.13444725001340208
config_000878,-0.15172810867604042,0.06674426927276728,-0.15101845269658648
config_000879,0.20763496693231193,-0.1289401962833259,-0.2277050753234835
config_000880,0.0927799791025466,-0.11344634755320915,0.2304275149815131
config_000881,0.03571949211920572,0.08746132269371354,0.2025682968917582
config_000882,-0.026564590193080773,-0.2817303842799047,-0.1656356588817225
config_000883,0.0005196309437904278,0.08036568099718516,-0.29763125119568806
config_000884,-0.29586560712541055,0.09161606291846014,-0.06979098281488458
config_000885,0.1285325953902985,0.2160822662846315,0.2553444705172307
config_000886,0.06865590156387041,0.03446406127133578,0.05264518608095525
config_000887,0.10431574811392397,0.019476035489341348,0.20736498194973269
config_000888,-0.1672624512044599,-0.24188269184162206,-0.28653370060993816
config_000889,-0.129636899812416,-0.13905980925747097,0.1610728361604003
config_000890,0.2235398997354539,0.00958679480469965,0.22546108953840854
config_000891,-0.01043906645004572,0.1655911985362581,0.11011567899709856
config_000892,0.12029590295922454,-0.07801702910868216,0.013451215526016025
config_000893,-0.17410900002408647,0.2492585142932799,0.07319744431068204
config_000894,0.12999062280380141,0.22865181274888918,-0.19701582945142704
config_000895,0.13224668194838785,-0.04878576146454361,-0.14571040405682567
config_000896,0.04218105485500856,-0.117537773659184,-0.019318638593840476
config_000897,0.16451868435252842,-0.12082790148633943,-0.15876006454421068
config_000898,-0.22757944079818854,-0.1460038979026333,-0.2043095675654758
config_000899,0.19167684278466102,-0.12041970967007096,0.15604034596252686
config_000900,-0.2722893537791451,0.017777394417877623,0.1576835828741009
config_000901,0.27525306018913326,0.13885199111443292,0.2301399320589111
config_000902,-0.24115222597209174,0.15617446006686925,-0.10413259190109533
config_000903,0.07390633015289028,0.235344171284886,0.2181311638940811
config_000904,-0.17994105518909706,0.25731754100445,-0.0011131872518028163
config_000905,0.2761335034848183,-0.0889790326550717,-0.20853952138697246
config_000906,-0.16732567307125892,-0.1917692856515164,0.018036623983023914
config_000907,-0.25471885734249256,-0.05544044726971223,-0.09794551636378843
config_000908,-0.011906955548003362,0.20914918813050792,-0.26160429029976606
config_000909,0.2014752952882694,-0.04482063194863567,-0.058930638626113835
config_000910,-0.1608897212712735,-0.1389364687391014,-0.032727860501854056
config_000911,0.18827964881471088,0.1370024077112466,0.040561593153115305
config_000912,-0.11372607567384016,0.06396314225808852,-0.09067895086192898
config_000913,-0.13457089301663894,0.27339990019254773,0.1315362812870341
config_000914,0.018990061708813455,-0.09653897550322768,0.2116643173094757
config_000915,0.06599738877549188,0.15988727763154703,0.18659833239806367
config_000916,-0.09720122004402476,-0.0888500364397253,-0.14000295934524162
config_000917,0.27084212710127303,-0.24473000179636506,0.05539912456157775
config_000918,-0.06729842159265009,0.22908983407401234,-0.03539992420754734
config_000919,-0.0887663632417384,-0.23664832157985471,0.16770529242598436
config_000920,0.07809453154502932,-0.04689020167057473,0.2770633186656077
config_000921,0.20738513430150268,0.056697973346628294,0.29212292013402313
config_000922,-0.18653360229751698,-0.07907842923962538,0.2553690582653823
config_000923,-0.2837608233047197,-0.2523054283818369,0.29295139358376826
config_000924,-0.2769592784225445,-0.02455086576474924,0.1584280758031102
config_000925,0.20089763104452535,-0.07885163316844432,0.10617456771004441
config_000926,0.2248655469018564,0.25220016048400135,-0.12153109006045451
config_000927,-0.0020533528394980904,0.02014447383939144,0.2961469671852149
config_000928,-0.13694286874390513,-0.017087469792253673,0.27413709207329556
config_000929,0.28609515026010607,-0.028561168030003303,-0.23151241035425812
config_000930,0.043548514305574104,-0.026230748431437356,0.04172152169569421
config_000931,0.06131793572304034,0.26558956437687736,0.06312232949756424
config_000932,-0.20634879085148494,0.10672398167245767,-0.24161822978769154
config_000933,0.22257578562182906,-0.029305090041146398,0.2949610613186859
config_000934,0.07027800046006993,0.11485647851734404,-0.0004501013793046793
config_000935,0.205802483461268,-0.2756387326539126,-0.07360043137314076
config_000936,-0.2865748782192927,-0.05667930710767957,0.03014127540221978
config_000937,0.016337000705688998,-0.2064263692297482,-0.19837065744890725
config_000938,0.02912840295004837,-0.14713600932157653,-0.27828762467520535
config_000939,-0.08632536617133205,-0.15739228460639879,-0.27503979923975447
config_000940,0.11552411185707234,0.09777327100969374,-0.19906687670408024
config_000941,-0.07502344357391746,-0.11074593108096822,0.18576962299839878
config_000942,0.24418556530477026,0.20244794103468028,0.16679000692479568
config_000943,0.24873565366665257,0.02545763299472059,-0.2381989364850906
config_000944,0.24931663949014854,-0.16492145579311754,0.044228075867596195
config_000945,-0.16017676695445845,-0.181559456283709,-0.183516982897817
config_000946,-0.022096538611759864,-0.026401531929450495,0.22933502526370392
config_000947,-0.15399690812137903,-0.1349186501384667,0.12303038282821516
config_000948,0.21095055821342018,-0.006771020080239332,0.14223690560512087
config_000949,-0.06443567235301245,-0.054499296790095075,0.22633865315053753
config_000950,0.28545650549523643,-0.09040979218386047,-0.13493929111120911
config_000951,0.1929931242762588,-0.2866194380542196,0.27966402695839315
config_000952,-0.22281740364069236,-0.11467806989130075,-0.18613016822145545
config_000953,0.014399776415309262,-0.2907464792281699,0.17765370741573727
config_000954,0.13259866623607397,0.020754407447092393,0.10865389506689338
config_000955,0.10149693291924139,-0.06351017951784166,-0.014966188888784482
config_000956,-0.16980431857515743,0.008488797350336696,-0.188364697221521
config_000957,0.1330898996019645,-0.03785296973353225,-0.05510554411825769
config_000958,-0.21636592375138175,-0.21687278867772036,-0.1815756052632428
config_000959,-0.2591706082731555,-0.17568941816433437,-0.012490446353603968
config_000960,-0.23447809638324418,-0.13006312158788977,-0.08242183556314533
config_000961,0.08774396400206597,0.1828246873018774,0.07359658134103109
config_000962,0.06583323531746582,0.25340536524962326,-0.20887692737942706
config_000963,0.23874396285214233,0.2292564035011893,-0.14890151281158892
config_000964,-0.21758952296625284,-0.14743100887966895,-0.1096011787910652
config_000965,0.27478102642232477,-0.29434293845557014,0.05376411431569561
config_000966,-0.11838423788453845,0.04539081622058577,0.05239174963639237
config_000967,-0.05319162831249019,0.29268744063382185,0.00885502423278356
config_000968,-0.14464749976124783,-0.28000394826702507,-0.11457153379915086
config_000969,0.004807852941483615,0.2525536529807329,0.07531533428747694
config_000970,-0.2120343597882064,-0.2364885973207593,0.06970061649917292
config_000971,-0.27706856209831,-0.14733994115562737,-0.10283967738111724
config_000972,0.22207403630687556,-0.17823869937864167,-0.06025629156668014
config_000973,-0.22769313568941796,0.23595690500039906,-0.13686553093018722
config_000974,0.2985072191216009,0.10435044772806334,-0.1836931634580909
config_000975,0.20084323889530403,-0.27358112906456233,0.19256463760256343
config_000976,-0.29838142358054875,0.17335867897522766,0.26798760200430954
config_000977,0.29455887950023013,-0.2214067977000465,-0.15433818872923413
config_000978,0.06341831109306706,-0.15722866266039667,0.10541611845213977
config_000979,-0.23289811213656894,-0.13317400594163745,0.11591552442565028
config_000980,0.07707547575830187,-0.2843399928212388,-0.027914922645598028
config_000981,0.2671840872894223,-0.11533077446585299,0.2945772850636042
config_000982,0.1613565482444383,0.22276010908425298,0.07712561994030936
config_000983,0.16169980090393982,-0.2969021856249643,0.08283341293414881
config_000984,-0.1489423339136512,-0.060693279192327865,-0.030419121201284538
config_000985,0.09781002848706977,-0.00536617877712281,-0.024324257211782663
config_000986,-0.1529246822985958,-0.278885624910826,0.23441079939588577
config_000987,-0.16238216993119228,0.020823008658849618,-0.08795808539327787
config_000988,-0.1550629508484471,-0.00764689802069346,-0.1260422776719419
config_000989,0.23156354329279688,0.14030638374654714,0.0304719412474162
config_000990,0.13757749293775778,0.17193528365318916,-0.009643302445339286
config_000991,-0.21125886819954662,-0.2337557787432401,0.12596254618497332
config_000992,0.07230994194189616,0.1881961475026056,0.22702122576296374
config_000993,-0.010959956446137287,-0.039739925249548336,-0.13329910680484747
config_000994,0.16263435100929496,0.026157245493481418,0.24114117985776157
config_000995,-0.15839134684912423,0.1509845604666452,0.23126063821258785
config_000996,-0.0039041210185291053,-0.2534230825745721,0.17785260777459044
config_000997,-0.1392419385392675,-0.006928970137453139,-0.19014387460107002
config_000998,0.12426868607821084,0.2925244440861586,0.2428285484603004
config_000999,-0.05606514165902049,0.0980993074099561,0.1867335685041827
config_001000,0.2625955209500281,-0.22203904022443144,0.19407092644360674
config_001001,0.03247573829277778,-0.1496575816129177,-0.12807996067112665
config_001002,-0.22263033579355915,-0.004025008568099342,-0.02846415932996632
config_001003,0.2823347942571249,-0.1970801983765893,0.22429962824589206
config_001004,-0.19055807323162954,-0.10805286212144813,0.11661331331943908
config_001005,0.27256395653234006,0.13148480294408604,-0.17195510137753145
config_001006,0.18114667213147007,-0.09920322863746503,-0.20131355946115564
config_001007,0.09911974319969624,-0.19611051742410973,-0.11307424592841192
config_001008,0.15536329365857388,0.0519112580505634,0.24735632452146988
config_001009,-0.2786791635103835,0.2064679840810249,-0.060526641347076277
config_001010,0.19000560483866596,-0.09044737124522431,0.1254700576805869
config_001011,-0.05358986983850339,-0.05346713150003868,0.14895335800386478
config_001012,0.13021740938712884,-0.15070818633232366,-0.09614667306681593
config_001013,0.12778287099292546,-0.18887338282986532,-0.012466936054020827
config_001014,0.060165434803725215,-0.08464193787980714,0.11444476280820737
config_001015,-0.04992247699367258,0.26379057371007547,0.19309744118833216
config_001016,-0.279147706518399,0.11288096642556772,-0.1242541425281572
config_001017,-0.1714634066670818,0.20971016047140129,0.29172471682070783
config_001018,0.10686672847395262,-0.2811536613264881,0.29475412804832973
config_001019,0.2821821320855576,-0.027697439971823057,-0.29744420823917067
config_001020,-0.021252566198533385,-0.2705562507092511,-0.2708167569244447
config_001021,-0.1751177982839633,-0.28468604682357607,0.15340120808717267
config_001022,-0.1435677270173438,0.19892743891463144,-0.08743715333114999
config_001023,-0.14638081760420987,0.057150887003168005,-0.2259538477323701
config_001024,0.10994877432692346,0.1277338925553283,-0.2857791150507117
config_001025,-0.018845709356269225,-0.020637241571806797,-0.02147912814446762
config_001026,0.16409832779317363,-0.2763075377533614,0.03381828573184725
config_001027,0.21815301365209733,0.021152927888099027,0.08309261050172534
config_001028,0.031010231941412947,0.23445949301521757,0.1364015665319585
config_001029,-0.18001393166174745,0.2863490700710805,-0.05065081047809186
config_001030,-0.007733288969628216,-0.08097819811234039,-0.10435910840781035
config_001031,0.08518890719914413,-0.21777135504084572,-0.19528253654331673
config_001032,-0.0846369456587999,0.26367975351359846,0.08835025164955423
config_001033,-0.27127561290837116,0.1951392504014398,-0.1920189322291499
config_001034,-0.027687268677698662,-0.006431245848098732,-0.2681474854696371
config_001035,0.0002645754065118133,0.2864122033551509,-0.2122790612387664
config_001036,-0.08386924824745101,0.05185993363590746,-0.00989385790217362
config_001037,-0.025190723755013467,-0.199475535076982,0.23144478998193535
config_001038,0.17817016650680928,0.2837805016297484,-0.15527771172595503
config_001039,0.11372162601029573,0.22815679145833284,-0.008600164942909938
config_001040,0.008915061061063212,0.1851629955801783,0.22487001772727916
config_001041,-0.046490543197945544,-0.08447649198126811,0.18726667092850446
config_001042,-0.020449113604442903,0.1903827432861091,-0.06371982634641812
config_001043,0.0016346907769060337,0.20735982819584248,-0.27048214674120813
config_001044,0.11286021812618807,0.2638878220610222,0.037598507026800065
config_001045,-0.23213591271129613,-0.2439053992941953,-0.1328793880515743
config_001046,0.23349060299278074,0.14183009033809185,0.029942705555253912
config_001047,0.1860404032881608,0.006708356268672722,0.016448740136505713
config_001048,-0.14374042914965862,0.2522516509462139,0.0805689465118255
config_001049,-0.048674118182253256,-0.06806555232048161,-0.2367585196007465
config_001050,-0.2614020813835075,0.29044276563722066,-0.26586636290616006
config_001051,0.08101071155284223,-0.25802288152993513,-0.13163406694001417
config_001052,-0.03384122450842125,0.2996253021566578,0.28510831405538856
config_001053,0.11436740798111239,0.1364604231452725,0.12310057097174792
config_001054,-0.2910975049403732,0.06696589860929558,-0.005485879705753149
config_001055,0.13291587119635223,0.11096849884224957,0.1930530474201867
config_001056,0.21920923475250714,0.02983106386462936,0.18136751428469672
config_001057,-0.19931008043719678,-0.1433793591284916,0.07767336440374789
config_001058,-0.028851890563958926,0.21816373551295382,-0.05526570736794337
config_001059,0.21500096427500376,0.003417974617277164,-0.2632216357832914
config_001060,0.24960304353885648,0.2555402897035854,-0.1647337432015591
config_001061,-0.1283532692909548,-0.12253651666548765,0.012937261266965094
config_001062,-0.1258032906656609,0.24526198749620703,-0.10151202999493922
config_001063,0.08460008698960864,-0.08013991688259473,-0.2866197187152221
config_001064,0.05179972756174572,-0.20614944525467205,0.25371387787556127
config_001065,0.17859011314664164,-0.22360287344596372,0.10374488505284862
config_001066,-0.19072124491890152,0.04804759408376208,0.18162813348036816
config_001067,-0.21106000534967784,0.2646847833770953,0.1831275552732154
config_001068,0.04212214381540724,0.17652781247390176,-0.19114502778550585
config_001069,-0.057762925658319975,-0.0001227881686257093,0.187352652367206
config_001070,-0.10327055772011356,0.12289652810297003,-0.001993250077591824
config_001071,-0.25378778343109354,-0.21570923011811344,-0.058668426714350186
config_001072,-0.2533955433596284,-0.2788441922578352,-0.22667930851596457
config_001073,-0.06558969524507469,0.06731822438650226,0.042010181358833
config_001074,0.09232535613569859,0.19144474824956048,0.20249786148591936
config_001075,-0.28516167207155685,0.20235584952811286,-0.07434278065874561
config_001076,-0.026326576558756087,-0.012622729281761058,0.14709773476749727
config_001077,-0.2620259117709372,0.04014524277277781,0.15904412322728434
config_001078,0.003990063090415941,-0.2028309097608068,0.1990794748954775
config_001079,-0.1308748915086793,-0.032156498043924064,-0.2989760707400922
config_001080,-0.09666629005726718,0.17757976008759907,0.061410288740954166
config_001081,0.26508175307837295,0.05329117357986707,-0.2342940368904549
config_001082,-0.10839233899789188,-0.027325046933044495,0.29051815897804983
config_001083,0.13400536069718216,-0.2558476275145984,-0.20031855000138316
config_001084,-0.005994537774010544,0.046891533676253205,-0.20764466676365684
config_001085,0.17835379569240511,3.6013640159981986e-05,0.25700449076254933
config_001086,-0.18239969461424121,-0.11239593705190679,0.2510164084193957
config_001087,-0.17874162888319295,-0.22464688790354623,0.039735841436545016
config_001088,-0.13136892285295335,-0.02733682184447772,-0.2837352171164376
config_001089,0.25809223910901363,0.14727247060061177,0.02660913762752143
config_001090,0.042894016447701244,-0.01412397894767381,0.0043201650653941215
config_001091,-0.06410443275310146,0.12046040714592998,-0.14989133339110275
config_001092,0.13406643151330028,0.11203430328124053,-0.1059342504376074
config_001093,0.05159739727915136,0.07163996919089066,0.2902230436082324
config_001094,-0.20287126806911776,-0.28792664282651903,0.1979793488502311
config_001095,0.08058335853247378,-0.010616099102796483,0.27509574638042317
config_001096,-0.048549594798296736,-0.1491222214094203,0.0857295564656404
config_001097,-0.06241274381274625,0.09557320708468148,0.24384241983173688
config_001098,0.005944825883229754,-0.11733741251279509,-0.269079139889047
config_001099,-0.1451570797802079,-0.004656915651128968,-0.03866219793554726
config_001100,0.1554353043715569,0.21196822909225604,-0.1026515101949721
config_001101,0.004685822013546392,-0.18238663025613155,0.28460839984196823
config_001102,-0.25689736417400255,-0.18080492044808577,-0.27840552488448306
config_001103,0.2011160365594426,-0.25304330915823364,-0.285958405543804
config_001104,-0.04091749212763862,0.07539068545478422,-0.07838272992550074
config_001105,-0.15657869683846726,0.12411455866930798,-0.12438816386853474
config_001106,0.2582663235684807,0.19623823757865416,0.0951223379326882
config_001107,-0.21384652133095747,0.27557277656917584,-0.10623874790437424
config_001108,-0.05844875893958598,0.15476776066685694,-0.22152386496222432
config_001109,0.21694133181837255,0.29342440421544075,0.013041298979440397
config_001110,0.12290109682439321,0.24939610164043585,0.2034510456163497
config_001111,-0.1473795658891516,-0.172569091621412,-0.1986183871524254
config_001112,0.13454124357712133,-0.11748708655919277,0.16196404920459584
config_001113,-0.29980198172315714,0.10443875014216963,-0.22849313625539408
config_001114,0.2134831493672959,-0.03669508438454283,-0.1433491922353221
config_001115,-0.04413350604767141,-0.18693204884565012,-0.03392602161196451
config_001116,-0.20676043089035034,-0.031651234690185215,0.09296490095586674
config_001117,-0.17617786144924916,0.12502829473356675,-0.20786399445712317
config_001118,0.09953043110056603,-0.006102920833138792,0.07182613002952959
config_001119,-0.19999616264517958,-0.12883299583678912,-0.0550934861805667
config_001120,-0.2166634479972178,0.02610292945793058,-0.2838752902274569
config_001121,-0.1589174118563736,-0.24519842587763352,-0.2943361509599733
config_001122,-0.0753499567861591,-0.17862627224551186,0.0648627148911542
config_001123,0.13850037509419322,-0.1861195318751505,0.1370684280707174
config_001124,0.11005879945859687,0.07847017404586559,-0.0024008126124712703
config_001125,-0.17088184800375977,-0.25324205768330393,0.20445725282313548
config_001126,-0.21707043807761192,0.22329421703575109,0.02883040666545128
config_001127,0.29641895073300367,0.08105767703359401,0.21804889716285053
config_001128,-0.23824258691279598,-0.2701033181186465,0.0627233298919303
config_001129,0.277020870839961,-0.1400523443960912,-0.29047629332258323
config_001130,0.11622850979601096,-0.22601377922960586,-0.1540087522972239
config_001131,-0.05486631673214937,-0.2239134589307959,0.19928275459042577
config_001132,-0.16826274147818618,0.06793608841766452,0.13172214375831282
config_001133,0.0937880479967465,0.045227307766953995,0.020371107679646894
config_001134,-0.04916114333385935,-0.17571344339718686,0.2526389476196796
config_001135,0.12528897831233587,-0.17804627869053974,-0.2206292972906082
config_001136,-0.05934148692039834,0.11787576392345944,0.21498202199645672
config_001137,0.07383423580799536,-0.0771208066714644,-0.2401832690738069
config_001138,0.20371576461990376,0.2792012877885191,0.24992341657150113
config_001139,0.1391572926863664,0.06712707804718676,0.15400629118892184
config_001140,-0.17120398528487824,-0.11875861914708763,0.08716174761283602
config_001141,0.20244958066659463,0.23497815579197984,-0.2978932194134489
config_001142,-0.21977212818360112,-0.20421146038537005,-0.029806975137147695
config_001143,0.2272389556143412,-0.17075450031650077,-0.010309414067821765
config_001144,0.11817225214104782,0.11888720829842864,-0.044633840027825056
config_001145,-0.1729567123776457,-0.15209269383595952,0.2946893993084781
config_001146,-0.2054675201811479,0.1733279134223527,-0.16745979812030246
config_001147,0.2450354101445949,0.17846549501295045,0.22083831838745166
config_001148,0.2724094872958132,0.24620280723039606,-0.1767899214523157
config_001149,-0.18128271315359196,-0.230234310523267,-0.26747917636744223
config_001150,-0.034285171515829216,-0.08353430990932362,0.28351733366514204
config_001151,-0.13091681686429016,0.22633060982102887,-0.25117997618461535
config_001152,-0.06974827909338158,-0.2466184305904475,-0.07435151800464174
config_001153,0.23566928945318272,-0.10873560418544184,-0.19560953887883253
config_001154,-0.11972585827084123,0.2770645271671179,-0.27733656757726205
config_001155,0.05990164255679975,-0.05789929437535485,-0.22246833402080435
config_001156,-0.17320725194635306,0.19682967923978617,-0.2719553554468021
config_001157,0.22879874226313562,-0.23309134674403464,-0.27655069128740234
config_001158,-0.13124278911815476,-0.2607501347820023,-0.2642737401799611
config_001159,0.08194078769025365,0.17206215881040482,0.12189449737794311
config_001160,0.11475896869894153,-0.15970957199572758,0.10345344262160894
config_001161,0.23528255762189848,0.16147504956985786,-0.23825286208386337
config_001162,-0.17866734522955124,-0.054701092696748777,0.24775271466305732
config_001163,-0.14856986441138295,0.1714083640648551,0.031244021528093746
config_001164,0.06639008076356973,-0.2044555697474657,0.18938333854508882
config_001165,-0.06118832040786215,-0.1501796503790003,0.11712706584117627
config_001166,-0.2529894213782863,0.008720732208612358,0.026522842089834353
config_001167,0.1445567168030945,0.008827321784617759,0.15648853719709627
config_001168,-0.012605108906854179,-0.0706864123507141,0.25427858037796774
config_001169,0.2567165871735437,0.15839178111454977,-0.14036734844114943
config_001170,0.18666457518684526,-0.07202933048346591,0.08690331226048575
config_001171,-0.10585078386867303,0.04544533629948222,-0.28368322624739156
config_001172,0.14987406704652972,0.24611699327257558,0.1723440714402273
config_001173,-0.2571520169901181,-0.15415719011212708,0.17996265081584584
config_001174,0.14171653262920014,0.17550470001324142,-0.14091989121511175
config_001175,0.04654666676970115,0.23101407414270908,-0.027488712097225587
config_001176,0.010032674898928062,0.2692342554691874,-0.231351641398873
config_001177,-0.05049990733309534,-0.10439342186341344,-0.04543128026769494
config_001178,-0.29897059444986435,0.258107451584857,-0.17219864699917622
config_001179,-0.29566155563886015,-0.14536427063381363,0.011545124441462495
config_001180,-0.1433417973319643,0.19276458517110245,0.1806059195558367
config_001181,-0.24210204345434544,-0.06920847029499291,-0.12495265995025434
config_001182,0.018841761346671704,0.14048977566587012,0.1431087333303211
config_001183,0.24109298112709415,-0.20063046357904243,0.18915319456093077
config_001184,0.22768727539341965,0.046315884005614316,-0.1369655499908284
config_001185,-0.08089881666599655,-0.1806631131781164,-0.09365093625066293
config_001186,0.2467730967595056,-0.1912818748473207,-0.0018471807513782412
config_001187,0.23056896055586668,0.004956845811303234,0.1381580809277576
config_001188,0.2570106774767293,0.21894209817477023,-0.0669662337085481
config_001189,-0.07426946902532744,0.27996498605721515,0.2493256871218154
config_001190,-0.011880084624863119,-0.19648583824163235,0.02586014312415169
config_001191,0.2694683041443255,0.2740631787707902,-0.10369269772307463
config_001192,0.13104780981791891,-0.27834799922232917,0.209536724559867
config_001193,0.022384824762700817,0.12232388137915196,-0.2456515265260309
config_001194,0.13623346211042275,-0.22418491474980015,0.22277136938980663
config_001195,-0.04616838208895152,-0.23542244025581255,-0.14494247474439628
config_001196,0.29440744544864966,-0.2841331182811835,0.1636573496197024
config_001197,0.12969657661768014,0.0818237082304909,0.051391242910733936
config_001198,-0.11581967310582789,-0.14122876461789483,0.22814406926325842
config_001199,0.013131282827185564,-0.27313227258521783,-0.21631413581344833
config_001200,0.265484974285858,0.14833869523180349,0.056474432493068605
config_001201,0.012706460532592057,0.11996123667922165,-0.2458724582392825
config_001202,0.1332466650059591,-0.026995243403214852,0.2841472516942514
config_001203,0.1918426363869758,-0.1510791838936512,-0.1681711124113535
config_001204,0.09721515995484942,0.08225961806583848,0.24423852114049432
config_001205,-0.1437327618686953,0.29839490015419307,-0.04203729393334826
config_001206,-0.19026567200155214,-0.02436359013949474,0.05074116866075995
config_001207,0.1634125096341983,0.23153724913805335,0.287882116124683
config_001208,0.13003297799309532,0.27812940718596874,0.2121609810946848
config_001209,0.1752027085012784,-0.21629614450332663,-0.2769138602517938
config_001210,0.24089886059840865,0.2397505916353277,-0.06929735943705245
config_001211,0.1836919626087285,0.07607501594580424,-0.23350711156606715
config_001212,-0.12259918008877937,0.19661155681255638,0.08688271201262332
config_001213,-0.07712827655019908,0.0940536305739505,-0.28725169749196594
config_001214,0.2714417124174306,-0.15770946255676463,0.13738900110544705
config_001215,-0.23564889901809943,0.24607189444507666,-0.26734725100587753
config_001216,-0.1886748476204102,0.23615194540182521,-0.1502041158195648
config_001217,0.28610125798051184,0.051649878655714465,0.025096401189558692
config_001218,-0.22016969444590412,0.2072428268272492,-0.08673722013043875
config_001219,-0.020536214929019414,0.021966744557523787,0.27946373452427803
config_001220,0.22230868534794418,0.01630183465009749,-0.22822881901310887
config_001221,-0.10532714901396506,0.23398057772739805,0.23185632278701968
config_001222,-0.021102894797603633,0.09253327847226489,0.022935841314139782
config_001223,0.07784685529544161,-0.27865195549005284,-0.03912731363081201
config_001224,0.22791920931280812,-0.03986795232361573,-0.016371842374244217
config_001225,0.20015664299143926,0.047231478526351456,0.08563767608283007
config_001226,-0.07224896726984983,-0.10582852745200172,-0.18599181586491192
config_001227,-0.04597965948927446,-0.27994941694086,0.04435560025195828
config_001228,-0.19762121590728893,0.1444342893339744,-0.03688017657600723
config_001229,0.2762703966907352,0.15513815979737072,0.008326065544772054
config_001230,0.18003343927537385,-0.10209450502085995,0.039533277278042345
config_001231,0.007632894991954908,-0.18498693109869466,-0.008117418462148362
config_001232,-0.00035934839615042735,-0.09801601725512529,-0.26748808923389905
config_001233,0.046976427939769694,0.005641300798854332,0.08127747820235182
config_001234,-0.20377572436931884,-0.18076920390373535,-0.22436197000458252
config_001235,0.03452856850207714,-0.27603542343212717,0.08644262697213295
config_001236,-0.09586848811417037,-0.15913169576165723,-0.09334221804913115
config_001237,-0.17656194587659552,-0.20411502075281052,0.27144308738779305
config_001238,-0.06893487276777793,-0.21142455502683533,-0.16913447557861586
config_001239,0.12840418440104445,0.11406273757464103,-0.0813441037461258
config_001240,-0.003619299859213998,-0.21805152189664945,0.03258687520469722
config_001241,0.1888485339176657,0.240716525052239,-0.008915566246508078
config_001242,0.24661571578764657,0.1955082194623189,-0.0008223658566540171
config_001243,0.12817090695715394,-0.1636486777313825,-0.004213711600512593
config_001244,-0.15172076814683436,0.29368124532107137,-0.25474851996428577
config_001245,-0.1257151299541211,0.00694686677385703,-0.022044371655829953
config_001246,0.05348765140999784,-0.11029528294655738,-0.14422392469400702
config_001247,0.2780766287340068,0.017801513729923668,0.038368894369546436
config_001248,0.2796585415068737,-0.0710377155372422,0.20421254228885694
config_001249,0.12017398964018144,-0.05208970383971295,0.0604481202654088
config_001250,-0.15732861918210736,-0.13068158115419595,-0.16729671143911282
config_001251,-0.19123232242612753,0.12945066418736428,0.25851066300828435
config_001252,0.0446183493304228,-0.03471785908782621,0.2978153198372508
config_001253,0.17178006040654015,0.15631048333746334,0.11498614435188043
config_001254,-0.1087485932314732,0.12985183281652046,0.09657662960597574
config_001255,-0.0007179244955390351,-0.25558344460850263,-0.2942600738316841
config_001256,0.26839600865999497,0.2458930957587327,0.23627555682943918
config_001257,-0.14752369864107567,-0.14579253725773844,0.21409401310805704
config_001258,0.16757309922180547,0.2342272396460348,0.0446048890268026
config_001259,0.2950579553204387,0.09623652854051468,0.25500435903272106
config_001260,-0.12407856776978377,0.0975195038012735,0.19546151098886289
config_001261,-0.244038462603901,-0.04868168013013058,0.16689164804003837
config_001262,0.2903637920174577,0.28175854454225263,0.07429971014428904
config_001263,0.2174429294074996,-0.213855791800799,-0.2585629493247297
config_001264,-0.25877421095626435,-0.12902634312390943,0.07978206664070875
config_001265,-0.24400855240535288,0.006647518743539194,0.28171736288683386
config_001266,0.18813428127559761,0.14964057174001544,0.1907334782085337
config_001267,-0.017056484841222852,-0.24219578479853895,-0.05898313888677373
config_001268,0.17256414033884132,-0.24603907065807026,0.2513345867507352
config_001269,0.02874724665037187,-0.15174872844458884,0.15436714124500167
config_001270,-0.04217187784247228,0.25953047268278123,-0.29405874529988385
config_001271,-0.11414810188532032,0.015368862062612232,0.04766040915556585
config_001272,-0.18769907044383793,-0.04717578314525217,-0.15517543890358906
config_001273,0.08678602302972299,-0.22593136044933493,-0.09698320998855248
config_001274,0.17099718999209895,-0.011575664660571139,0.07601098304841725
config_001275,0.10612717677953482,0.16534568933581117,0.15867312993312493
config_001276,0.23765943065050893,0.2664972210340148,-0.12881870057739123
config_001277,0.10564899769742336,0.2232410990298051,0.010803872370376166
config_001278,0.1931426855889009,0.0693061518418655,0.27104256621021855
config_001279,-0.25776249507019805,-0.13228465218517496,0.24793949067809257
config_001280,-0.11071910261125562,-0.1222243840199683,0.09495246519780581
config_001281,-0.18519776687829065,0.0070574900694928,-0.2771451476786568
config_001282,0.26416036845888463,0.24869155185778286,0.28287381030123676
config_001283,-0.07878765303813426,-0.2587579087431206,-0.1604774248682227
config_001284,0.17072266718935641,-0.013231425921072015,0.05055243892777872
config_001285,-0.12760604597285735,0.058528948354702126,-0.2405819206300742
config_001286,-0.07395086776207824,0.12342358336022963,-0.2578996383170743
config_001287,-0.0716826844586442,0.2035997889455074,0.20252085932560043
config_001288,0.1887211746432877,-0.27078422283399356,0.023681667781617455
config_001289,0.02921842613527542,-0.0013117441644217576,0.09061340888386166
config_001290,0.17732793641688405,0.0019696012472070756,0.08466946585270019
config_001291,-0.19428962655173387,-0.15618263180670974,0.15450849440903286
config_001292,-0.09183727551254964,-0.2761376261800041,0.18186380016033615
config_001293,0.0869848690228065,0.014404942323468617,-0.1099092725762659
config_001294,-0.09130552549378859,-0.20288066693797002,-0.03056096041739742
config_001295,0.06769204723523986,0.1555756470940704,0.2972475487813437
config_001296,0.1466065974794803,0.11064175728636139,0.15052437164337618
config_001297,-0.09437021320797226,-0.2898192001553704,0.05365974419624825
config_001298,-0.21812061975131342,0.11760488129694163,0.23865471053502468
config_001299,-0.16148929485985172,-0.08052733815233337,0.1393284506404679
config_001300,0.12253495340578513,-0.18041642047855244,0.2548420509048927
config_001301,0.09369297606892896,0.2827817545893853,0.21404507555725744
config_001302,0.1563291715087079,0.2951591023522178,-0.22367640442271117
config_001303,0.06534791894827319,-0.1692204960810366,0.05221530085484044
config_001304,-0.2982702708371208,-0.22100153007702292,0.21290201480062515
config_001305,-0.16043825604359344,-0.023503107564394998,-0.04176788079765492
config_001306,0.003017877203322139,0.13100073159126713,-0.23752213973124586
config_001307,0.058538894525509866,-0.07829003124085854,0.2826101821200196
config_001308,-0.14352365953633667,0.1613990062404163,0.1422328727534719
config_001309,0.07496831696821915,0.17740022176590048,-0.07287576578225122
config_001310,-0.08960859260944268,-0.04305864980591201,0.16789573317209988
config_001311,0.022488791369706274,-0.22499526350832338,-0.21940443945509613
config_001312,0.1471556360196058,-0.22758844299764966,0.20092432046605596
config_001313,0.25222715202743845,0.2380733343031693,-0.09745567364765728
config_001314,0.04386195738139825,-0.28355165711750796,-0.18989184666288433
config_001315,-0.2497777240676431,-0.289234524675367,-0.0792773569650578
config_001316,0.1226633592891303,0.09958009079241809,-0.2919355776861952
config_001317,0.10935164306461859,-0.2188488105812887,0.15730537715866305
config_001318,-0.12441546587044353,0.2631291080172055,0.12761282228907073
config_001319,-0.159191374264399,0.005671720547237136,-0.22820714935902103
config_001320,-0.025785053432405114,-0.26522872122136376,-0.0824230834631631
config_001321,0.019328304018294662,0.2020920338069057,-0.27786142339529685
config_001322,0.03235344346193214,0.252596564145734,-0.22437660666903236
config_001323,0.11436848147576412,-0.14328503279529944,-0.08321294295566145
config_001324,-0.07313696092677385,0.23230318473069606,0.11113577046501677
config_001325,-0.14772015268736627,0.06802794491531228,-0.29156235641532197
config_001326,-0.24682439456415028,0.2588958177531387,-0.26212057095053776
config_001327,-0.07582223270300839,0.04280381424109725,-0.1136415305710611
config_001328,0.18293716156826412,0.24438709300420342,-0.04894091847588977
config_001329,0.10566565240779846,-0.09304145859018179,0.1807413352040223
config_001330,-0.15219366639919213,-0.13144885721017066,0.08726418775817879
config_001331,-0.1102172592653353,-0.1308862393839655,-0.12986076868438595
config_001332,-0.10124301863118393,0.1803631020867948,-0.1538829009782068
config_001333,0.19063878325084765,-0.16799571879767208,0.15287654115245647
config_001334,-0.23834397241021182,0.20630441129146954,0.09966293362526152
config_001335,-0.12475713662630422,-0.25703674395411813,-0.06848490632531606
config_001336,-0.19157234749287105,-0.0696351814541985,0.049442574896850666
config_001337,-0.1757072950993948,-0.07962233582683784,0.17328888427631922
config_001338,0.24315043527532448,0.13031018029694486,0.018866691602146823
config_001339,-0.0161633129503973,-0.21563159255586306,-0.17419241526420795
config_001340,0.021975114174043187,0.11305529311588985,0.18779624031954367
config_001341,0.2099153590682648,-0.07017191370623521,0.18028873982094362
config_001342,0.08378416072409017,-0.15630341579853746,-0.23103808165049322
config_001343,-0.1681821080587999,0.03839949145322297,0.2521714152797861
config_001344,-0.05176253402939934,0.28397018717677874,0.0713485528868315
config_001345,-0.2431922887341953,0.08223881761654478,0.08898243531688721
config_001346,0.06769439537369903,0.00245840279318732,0.01875214603592945
config_001347,0.2503055177354698,0.23039560208788396,0.05606797487564935
config_001348,0.18450251810511376,-0.2964352922141155,-0.021721217402964732
config_001349,0.28487936594286395,-0.29490869875013737,0.2028269736339629
config_001350,0.08813689224081844,-0.1780486218687487,0.26877192574055736
config_001351,-0.06086553794817226,0.16763317561411756,-0.10759418036082477
config_001352,0.06380263883112514,-0.19633889633284282,-0.2642959377286214
config_001353,-0.10433323563045946,-0.05663777460305569,-0.05130459694215722
config_001354,0.14826119979238395,-0.09798514183504847,0.09059308966632779
config_001355,-0.27130575185051936,-0.20388185067396547,0.26625515749126155
config_001356,0.07345055059933892,-0.05449981658145536,-0.12876936396908006
config_001357,0.004630089129113224,0.0704177023981693,-0.15786477776014451
config_001358,-0.046540572455933904,0.22393286759955783,0.15186650235926197
config_001359,-0.10509414949294893,0.0109308648252468,0.18857587944626386
config_001360,-0.029579863698480313,-0.2449369827948308,-0.2788587481469708
config_001361,-0.1738556618856535,0.282834827380305,-0.27615219304209726
config_001362,0.046346289461942525,0.07411872594747615,0.00047836728697175923
config_001363,-0.023221768625625527,0.04391821519841638,0.08574836997357344
config_001364,0.1650247031684896,0.12494231430809793,0.28977234739388685
config_001365,0.14308432100769647,0.06223362593487303,-0.023733754400020457
config_001366,-0.04558273918772143,-0.22176028088850575,0.18521807509316995
config_001367,-0.07288242694529076,-0.17257589692695852,-0.2779701571099455
config_001368,-0.22938629715662667,-0.013771534260115348,0.1406671457071969
config_001369,0.01947094945828587,-0.19544463976852017,-0.27407793125094704
config_001370,0.025933282072393204,-0.013175925131582611,0.10809081402257531
config_001371,0.12415268318402384,0.044403662854587855,-0.11321602106229292
config_001372,-0.2635657967111424,0.15940415180598055,0.028107096055089043
config_001373,-0.1690822060918106,0.24173493729618728,0.06517440712833988
config_001374,0.02193828497301553,0.018041728604527185,0.03653041345483876
config_001375,0.2796327315607455,0.284215461830522,0.028050577855328107
config_001376,0.11682475036867429,0.07690559050808038,-0.226333093573089
config_001377,0.07469937644525848,0.23100784160385773,-0.11901840276768219
config_001378,-0.2952000432000375,0.16546646620264693,0.21281809576049643
config_001379,-0.22861843853706276,-0.2751918481670033,0.08793887462884009
config_001380,0.22239781634713313,0.1763918918581761,0.2452536616499939
config_001381,-0.2521974165966205,0.049829606865417486,-0.10684760013754233
config_001382,-0.09079567660767052,-0.1385803656959561,-0.08544060123168568
config_001383,0.09759370687870983,0.2734604961918517,0.16190609222000324
config_001384,0.006873997410034749,-0.09207213155186647,0.1118212353440799
config_001385,0.09894906564624772,0.2523186369779587,-0.2925398624799401
config_001386,0.24407043010978818,0.11878492831004128,-0.1787399652630393
config_001387,0.009939390399978987,0.1661274058007326,-0.026040032564861315
config_001388,0.08774051824313955,-0.026408205847205934,-0.09489161334848734
config_001389,-0.2339821795036305,-0.09839351127661422,0.045098024893898636
config_001390,-0.24093247249982191,0.0008811772394128337,0.11844413695258682
config_001391,0.1454024760122829,-0.2504757777892046,-0.18619557268629203
config_001392,0.11470663924111701,0.05942685780360901,0.06226529361633909
config_001393,-0.23808639189439917,-0.18179283970893767,0.021924989107797
config_001394,-0.040831075020380414,0.04076108041243065,0.11654213301366612
config_001395,0.28965742836291036,-0.2062264576688907,0.27498184995258773
config_001396,-0.1673504220264943,-0.25036817473082956,-0.10140663181199577
config_001397,-0.04753973830644487,-0.11592630467881823,-0.13276245943699264
config_001398,-0.043245094628361014,-0.10373213112880886,0.25280599552349675
config_001399,0.10827417260406452,0.09091863587213472,-0.13193106470388438
config_001400,-0.13031854766222653,0.1672221013042065,0.078522019337111
config_001401,0.04711324039897441,0.2733817441014948,0.0848660882727138
config_001402,0.11882322671300394,0.17288841177160935,0.10255720448142286
config_001403,-0.2530448404833799,0.2036082866064754,0.11370261168668094
config_001404,0.23693535349085976,0.16901086412764854,0.011487174611119755
config_001405,-0.2726546687607983,0.054746755456369256,-0.29286665440405085
config_001406,0.16108956121308748,-0.13728736350589657,0.06459234133127878
config_001407,0.09194435853282246,0.2947811392157466,-0.1792433263263462
config_001408,0.24544530690360938,0.12219472817470123,0.002350607811781702
config_001409,-0.02369876753141109,-0.26062411024584325,0.2089201731987072
config_001410,-0.2234802104057813,-0.17256742700837935,0.13655891108267032
config_001411,0.19032098317168888,0.26503987525514655,0.09489275536171199
config_001412,0.25495193811308786,-0.07467107161455933,-0.1934882235705232
config_001413,0.27265775511688867,0.09271055491292474,0.15075275719396192
config_001414,0.18225489598483152,0.21006788567947293,-0.09989373071968863
config_001415,-0.28261968567655554,-0.12379470666228826,0.0034929159977651336
config_001416,0.012158007356111888,-0.059984269788201455,-0.05752734976107682
config_001417,-0.06188406236812313,0.13669294778668256,-0.25887102831284775
config_001418,0.2817563582301586,-0.2206893594701131,0.09066426570675817
config_001419,0.20632843161321152,-0.21555371373357335,-0.2986598736689173
config_001420,0.07813525859560361,0.13102039674243,0.14482154619080212
config_001421,0.28560519435352466,-0.1251300674030809,-0.12519014335298628
config_001422,0.04791409536638225,0.004640804791763431,-0.13020906930565884
config_001423,0.2460601439573062,0.009289083735480319,0.011757093236983263
config_001424,-0.21848029661668966,-0.1646696318912852,-0.06448754272928106
config_001425,0.28099005496247004,0.25309398795643995,0.07489933930830445
config_001426,0.10356939047070574,-0.1675377754937671,0.05051258412170173
config_001427,0.10224154341103603,0.033568092728020804,0.20923316449955115
config_001428,-0.07513199234370213,0.14522911162199842,0.05459182282016761
config_001429,-0.12631094886053543,-0.15091107620899455,0.22030596784934237
config_001430,-0.2677941429395563,-0.07049335152833097,-0.19228413923258897
config_001431,0.24338733437331256,-0.07551508788114461,-0.23743471216632484
config_001432,-0.022133066450815087,-0.2036941207916001,-0.2780766061590631
config_001433,-0.24335493267966601,-0.26021434130534005,-0.1416953928966882
config_001434,-0.06518235879202153,-0.16637932288264987,0.24556609283367986
config_001435,-0.12479168000847499,-0.1518577625105458,0.10467110817457864
config_001436,-0.2744270029140755,-0.2542151929540829,0.03180435519308661
config_001437,0.2723865464937805,-0.06951527054429446,0.15904383610954803
config_001438,-0.005263690613487193,0.19299323956311687,-0.285062965090784
config_001439,0.018635866234923193,-0.036066556530180205,-0.01787710841801604
config_001440,-0.2323649504960006,-0.1927569227348912,-0.1053369102433657
config_001441,0.13298610889078066,0.20622737301139377,0.02441525169718578
config_001442,-0.26247283616551276,-0.23489551513605056,0.27109427860451646
config_001443,-0.08021448331363615,-0.18381045855469663,-0.1585883463841456
config_001444,0.2651499500008238,0.0004810068516296617,0.06751115959410064
config_001445,0.23911430417831242,0.26857102126726223,-0.2210482425111025
config_001446,0.19576196247962147,-0.1621553131734709,0.2177333091875992
config_001447,0.22303434297054886,-0.07212296791018427,0.15437019829092974
config_001448,-0.10464578310644865,-0.002956542016695929,0.004221901851553245
config_001449,-0.0703028334793053,-0.12781665443908474,0.164352844722834
config_001450,0.21946504842883646,-0.14014667589021784,-0.1269079594033267
config_001451,-0.09641125162291567,0.04952818051531649,-0.2728198838371778
config_001452,0.16164990237804666,-0.06235612210933947,0.27273459633520675
config_001453,0.18835133235250967,0.011124840833829808,-0.03725316502656234
config_001454,-0.0027357963804252594,-0.013571982290046525,0.006482960629704937
config_001455,0.021643399388652118,0.25936609053681675,-0.22737395467785693
config_001456,0.07214980071530819,-0.20648016434265437,-0.2547094342763894
config_001457,0.2695817239086889,-0.11732548758763264,-0.26731034177065344
config_001458,0.0099795901556744,-0.22343351172692327,0.075481143201869
config_001459,0.27041358119626296,0.10675351065837879,-0.17147258982772304
config_001460,-0.002991927262668781,-0.25187532552246317,-0.00701796177600833
config_001461,-0.24889212055543147,-0.05965863328552795,0.08645690694881497
config_001462,-0.10748685629604227,-0.10378602593005776,0.11142946284838845
config_001463,-0.04662723330276014,0.21489704684933136,-0.2962283712919909
config_001464,0.14217434041885235,-0.15247830473029916,0.10462205599834307
config_001465,0.14096317532441582,-0.14030782708572148,-0.11757938136639443
config_001466,0.02763267598645558,-0.1771198700424122,-0.006653442191524417
config_001467,-0.2539220413312941,-0.051459026407565334,0.1502509227080372
config_001468,-0.2785295084505828,-0.04673919601967891,0.06078254501717628
config_001469,-0.09961252055876418,-0.19608406704838427,0.18235953720255388
config_001470,-0.16946469281141557,-0.17968755263009512,0.1060609790710142
config_001471,0.27236406393833607,0.28159513225807026,0.0407019904492007
config_001472,0.09513990067814143,-0.10604360694715367,-0.17627258289201597
config_001473,-0.01910591874191442,0.2950009325614004,0.18595679598384734
config_001474,-0.08287945009519976,0.05530957870178366,0.28779828375773603
config_001475,0.036775431570546024,-0.1533547937283303,-0.11121630351177456
config_001476,-0.22170694657450946,-0.1642321096586227,-0.0760920232797726
config_001477,0.02982484104363725,-0.11658654796607243,0.18283680374760097
config_001478,-0.06133776108188632,-0.23180038928435898,-0.25641146733451586
config_001479,-0.17231765837208482,-0.24248410296476341,0.12063190988356931
config_001480,-0.036776550034747446,0.02134885236699524,-0.07657862225071335
config_001481,0.2578863056358082,-0.21598015541674914,0.17003407810935717
config_001482,0.1626254935455696,-0.15225303034081483,0.15727076906093101
config_001483,0.12242586720328308,0.19959316690292744,0.15032159597537825
config_001484,0.05028314264894934,-0.280143577661964,-0.2132707959339106
config_001485,-0.0030687549917238766,0.0213708840734102,-0.13397869442592872
config_001486,-0.10102920711487776,0.000278743623756017,0.18429079137431142
config_001487,0.25952255975231703,0.22458470075904496,-0.22528134444667655
config_001488,-0.12066276105379223,-0.08860752995980384,0.22293643099444266
config_001489,0.11917607994081425,0.2046652303082655,0.2702644161573224
config_001490,0.015291036349145415,-0.268398822478582,-0.0941985398686214
config_001491,-0.02417281453652753,-0.18209234163558802,-0.024355039056411565
config_001492,-0.01102467127858675,-0.27293325669394897,-0.03687137253716699
config_001493,0.2786344841635336,0.2106671733374495,0.19529330290879293
config_001494,-0.14355796173015048,-0.10773718841491803,-0.13437233929500103
config_001495,0.26500493875253467,0.14302989425705964,0.18282042293725748
config_001496,-0.14169209645330394,-0.08262816252571017,0.12221903355513525
config_001497,0.21648980783637833,0.1006146386938288,0.21119787838843534
config_001498,-0.11452515758056162,0.1969645018465797,0.013457995818793034
config_001499,-0.16805898862242039,-0.09495624646064313,-0.13455025690871614
config_001500,0.13064678490759568,0.046714647096689155,0.1128324163357044
config_001501,-0.14943002047100348,-0.08975555325423815,0.2801529734438289
config_001502,-0.07380509542693531,-0.21388404087921187,-0.12222215718941909
config_001503,0.08536518148282607,0.2828786485388392,-0.11568965397653969
config_001504,-0.2881418538547147,-0.2977768958175501,-0.18186730033753984
config_001505,0.26571738188955946,0.17362178321855776,0.19177512970480176
config_001506,0.25282657395048685,-0.221459524922119,-0.053779974984594525
config_001507,0.0016106193177738426,0.07532570167981467,0.030969475244989053
config_001508,-0.24559628934873826,-0.031110139896484257,-0.275181433391692
config_001509,-0.14772281594356784,0.1019633704488338,0.13606753508260888
config_001510,0.03216356787758762,0.07341556887682243,-0.2771793681816979
config_001511,0.20865902353887017,-0.1962724033696529,0.11945242531567846
config_001512,0.05984507227578628,0.08354426290871281,-0.04705896851943803
config_001513,0.17162417931124663,-0.08724070463170097,-0.10918212161225624
config_001514,-0.08028771071835397,0.024195372193485776,-0.09397328237641903
config_001515,-0.22300968772325155,0.10128234128490127,0.19309091979613735
config_001516,-0.03415788062535974,0.13440239444617857,0.11747935757488953
config_001517,0.20484986415491074,-0.1993590067646575,-0.12683237595029864
config_001518,0.23283266819924991,0.25978177315586554,-0.1596828378681007
config_001519,-0.15636752627287134,-0.08352007600194619,0.2535095006848082
config_001520,-0.05302454915792504,0.21476351957690415,-0.1582718875239102
config_001521,-0.2586112869161062,-0.058328129823467745,-0.1210235301148854
config_001522,0.19229202696388215,0.06433578082186331,0.15928195394578998
config_001523,-0.28005777299142526,-0.02241949453776365,0.18432036237546107
config_001524,-0.14372359973505924,0.01652960420208538,-0.04710290557953084
config_001525,0.20162122792127873,0.006155731447535284,0.24117271668334644
config_001526,-0.09517888085792803,0.27280969559463614,-0.014427991671272511
config_001527,0.07627647141094906,0.21469662471414036,-0.024097065783205085
config_001528,0.13862830827204325,-0.15514986987910984,0.02991670593440998
config_001529,-0.26966589748790554,-0.025211601825104235,0.16987903411321825
config_001530,0.1207302549988653,0.023512331355573346,-0.16218638300404498
config_001531,-0.2968917103052103,-0.1439489525563409,-0.17160069425306698
config_001532,-0.02103991725641985,0.014136679095773041,-0.2996314491496292
config_001533,-0.14809547055613062,0.03555280354180779,0.19867186810798454
config_001534,0.19710728912435355,0.0601646299836639,0.10914435489677965
config_001535,-0.1012126485040448,-0.2882532638949352,0.1308790275186803
config_001536,0.054860654581204926,-0.22432582748082874,-0.2587995762051384
config_001537,-0.2359074633152764,-0.23020682989398206,-0.06508444461590415
config_001538,0.20300108912386067,0.003834889027692079,-0.04711583437817546
config_001539,0.0890606877767326,0.23665936495722267,0.023564690464175087
config_001540,0.17086343252349545,-0.17029272559803849,0.27261196104752966
config_001541,0.10608756235763295,0.01677474256500988,-0.24073259988494958
config_001542,-0.25144156576504717,-0.2100872159979505,0.16510704389042508
config_001543,-0.024072574007791447,-0.055505938099826596,-0.11655423519203736
config_001544,0.06943216993314899,0.15555931536646972,0.23038435291371168
config_001545,0.14142315116585147,-0.20181021872062654,-0.22351171854252677
config_001546,0.23171262986946978,-0.10391674133518217,0.2761744332354245
config_001547,-0.01291484914623331,0.13571437678642473,-0.03903674240990057
config_001548,0.22186549019532925,-0.1693753119001761,0.19501266769038023
config_001549,-0.2952168505174436,-0.0873509180846277,-0.16225435689514278
config_001550,0.15807609707345316,0.11893229953647838,-0.06212193294568519
config_001551,-0.04956207037617011,0.15695978397376192,0.29193953582189874
config_001552,0.2664517681365433,0.12326605878828462,-0.07890322168671424
config_001553,0.18896166349477717,0.24009807987669168,0.037794173318795865
config_001554,0.2682392355678919,0.1908184493634945,-0.016947471262994784
config_001555,0.2343100904236018,0.11220502411035899,-0.28523193617826664
config_001556,-0.1345047254940872,0.26893978959922776,0.143379339043396
config_001557,0.11081964529931976,0.061542150699829434,-0.2999145963106746
config_001558,-0.08704899439933847,-0.2307269568524406,-0.2216517203419107
config_001559,0.24667564627322686,-0.2703865186913034,-0.25097337323246854
config_001560,-0.037493966024937986,-0.13258905220430006,0.0031346500860460758
config_001561,0.0851485015582728,-0.04253635869285449,-0.2588808172787232
config_001562,0.26059648940936325,-0.1808100804827552,-0.15996824743085222
config_001563,-0.2293735610606077,0.16963540299536506,0.2729949988499584
config_001564,-0.21470833566678893,-0.020435738862740416,0.09551958749931055
config_001565,0.1621630892677905,-0.27750999325680065,0.0816685580484347
config_001566,-0.285259076031802,0.04640906280021878,-0.29728941452163543
config_001567,-0.0970960536221809,0.16351611728502785,0.1473924424721192
config_001568,-0.02625992463890653,-0.22198445994201405,-0.1861494383385059
config_001569,0.2151403963607132,-0.22895849159134596,-0.16699481165364685
config_001570,0.11585674729654033,0.0668384337434722,-0.14107855025234958
config_001571,0.0755385688018193,-0.2184107138186775,0.26245917189137896
config_001572,0.11578108528044107,0.007611600982361355,-0.0873506370948613
config_001573,0.29855366606553385,0.08593791243128235,-0.005838928792653686
config_001574,-0.05885071060658062,0.22100688142675456,-0.2829576633428031
config_001575,-0.28457653943473993,-0.1973390210711981,0.23726039776992452
config_001576,-0.2159764133130171,-0.20640615824962094,0.20069958502812674
config_001577,0.16880003891017648,0.205359885310969,0.15459656283697482
config_001578,-0.11344490504945076,-0.27743534993358737,-0.034288512881321676
config_001579,0.27353143891613435,0.17586949829347592,-0.19685397355607667
config_001580,-0.2302637289611873,0.24523478676323968,0.025948769706834074
config_001581,-0.1055453536764761,-0.14921031806658008,0.07944666879064743
config_001582,-0.09296839854090261,0.2630275846910826,-0.24041472657372517
config_001583,0.04245582936288572,-0.14456279478571524,-0.2613376714448236
config_001584,-0.12582491047260966,-0.09204674309290156,0.2969537438636048
config_001585,0.2874282124615059,0.20631084072340272,-0.2823585126375549
config_001586,-0.26817534729926495,0.08250381312273153,-0.17523027210110714
config_001587,0.29657438488680204,0.2836178342103272,0.10161870622569302
config_001588,0.18218052069589985,-0.29586032259653255,-0.06344583847568605
config_001589,0.2413119729073145,-0.2494604935399649,-0.2377326772730585
config_001590,-0.14082217168980452,-0.2913448253871315,-0.1459772874363033
config_001591,0.030700131262394903,-0.28836098394135046,0.21908981929199384
config_001592,-0.03525900434576473,0.04376584177968196,0.12363707502626942
config_001593,-0.1978522641880573,0.0967513320265227,0.05210662226464147
config_001594,-0.2386250024426929,0.2838513440166926,-0.29711021469089877
config_001595,0.19860547043937,-0.09723792426720015,0.09503417314786494
config_001596,0.17662135174462723,-0.14624363262294118,0.07271796966986033
config_001597,-0.1551232693546192,0.21683711495298025,-0.2917850840791958
config_001598,0.2597162620369757,-0.15964584550398933,0.045192390446138764
config_001599,-0.14449886181744834,-0.28354129451126825,-0.2527674239795856
config_001600,-0.0559582841832123,0.15562518048002677,0.26940330371727256
config_001601,-0.13997309934107474,0.01396745528214155,0.034122742849326315
config_001602,-0.029074620983770172,0.17534408247090877,-0.28646921034661127
config_001603,0.0017364500070944366,0.175160610143011,0.22310370466378743
config_001604,0.040543680863562304,-0.1302399503917702,0.07252780543431092
config_001605,0.029309645057117084,0.1534023178573372,0.004953229212359578
config_001606,-0.15196521396991014,-0.288238164435556,-0.14589423438638818
config_001607,-0.29061515853571207,0.18020030467764037,-0.1300427612836552
config_001608,0.23960712096443887,-0.23352492697330834,0.14778825917282545
config_001609,-0.09051693995713192,0.1305229855810086,0.053547618213550974
config_001610,-0.2626164021168635,-0.1728546211668204,-0.004434301542331043
config_001611,0.20385017705410696,-0.260184363536852,-0.23761927097308969
config_001612,-0.23774751587936904,-0.12174092322817542,0.1242844316566275
config_001613,0.02601365913783621,0.296498344234632,0.23964172036316017
config_001614,-0.10590296552239345,0.2557915979308038,0.2847522965036327
config_001615,-0.061221650385947235,-0.08908584218757723,-0.20088948410071888
config_001616,0.18499639543958674,0.14567818013663975,-0.07354054981116415
config_001617,0.20695750540394037,0.2265163383711572,-0.06540352537003241
config_001618,-0.1749104661525475,-0.10370289564054977,-0.21702080424711717
config_001619,-0.0604391038425032,-0.22772378830042278,-0.04541194937253212
config_001620,-0.17508301478525387,-0.09364480775714301,0.28170974955262157
config_001621,0.14361531053052828,-0.13869196477747955,-0.023889698016679006
config_001622,-0.008201983282566383,0.14351661869861082,-0.06628141896020662
config_001623,0.29625005299648816,-0.10487187871957401,-0.12001119673494057
config_001624,0.07368813577802746,0.02412098249107575,-0.29260489464490214
config_001625,0.13096707874479102,-0.014188748010106889,-0.08514775850101677
config_001626,0.035523423180026936,0.00450785364232692,-0.2020970011353695
config_001627,-0.029775429593159652,-0.03919355690598131,0.06473275040043786
config_001628,-0.023526032678883257,0.17157419865258183,-0.12291159272734711
config_001629,-0.24818185471575868,-0.25209406661727546,-0.29396919145841477
config_001630,-0.22512975787931555,-0.27679258336158385,0.1934947061214065
config_001631,-0.03373187556571622,-0.07050341279158995,0.1587441589158325
config_001632,0.12513401780591343,-0.008239297881745267,-0.17370474214262396
config_001633,0.21182207035072181,-0.04956028476953034,-0.0793756240849123
config_001634,-0.06900066759590942,0.27147884156138885,0.26029694367607575
config_001635,0.10977296756554766,-0.012907232574247307,0.04001302527230305
config_001636,-0.12444591071029201,-0.1767654348762313,0.053351234509327605
config_001637,0.010593934341061095,0.1789136082268889,0.11537952773346816
config_001638,-0.1540327717875968,-0.10315087364217049,0.09209485487487545
config_001639,0.26389903148062416,-0.26949733626492256,-0.26528748061134017
config_001640,-0.09042228885989484,0.09129409469677147,0.061520613031851856
config_001641,-0.2694079695147093,-0.28906183442545935,-0.29549847429942316
config_001642,0.25353597875003636,-0.09027951755028546,0.10055115077699389
config_001643,0.18323033133299588,-0.07910751087781465,0.034361671512600556
config_001644,-0.03510629427090456,-0.22032764835206964,0.21840549839672901
config_001645,0.13889203257319632,-0.03312775411785318,-0.06304547284931811
config_001646,0.1727939447915517,-0.0063657465534749935,0.25947398078422673
config_001647,0.0316166509706885,-0.07758353144442612,-0.1781832966874513
config_001648,-0.27290523831628083,-0.07513256396264564,-0.026451908561401283
config_001649,-0.0012501496346572494,-0.10366276537848057,-0.21674460436249
config_001650,-0.19233098410725513,0.2220947844404601,0.17739936604098355
config_001651,0.22706339774532797,0.19099903687078923,0.2283557223037747
config_001652,-0.030964361161859355,-0.22241782415150324,0.2216811530645026
config_001653,-0.07287335534950173,-0.1265758972874269,0.2608964432401751
config_001654,0.2030732006173917,-0.276505685983105,-0.26790170753349174
config_001655,0.0397240013771859,0.19205201376867925,0.16071611282073828
config_001656,-0.15790819295266148,-0.11806031502272821,-0.052559438498070044
config_001657,0.2264419206734774,-0.17875246698428235,0.16948744271558375
config_001658,-0.13004136159697535,-0.17859632655253904,-0.22582595595435967
config_001659,-0.2583907116336633,-0.02656114734361853,-0.14949222659960848
config_001660,-0.22000746885631503,-0.10090604829652522,0.2892096162593439
config_001661,0.08827102649971375,0.07979902929493365,-0.003654323637589163
config_001662,-0.14655772767938857,-0.19012051177458156,-0.2830858741772204
config_001663,0.1767222885410346,-0.03747829297331645,0.11563194382659253
config_001664,-0.16804739077225708,-0.04991191115082749,-0.16497035728537504
config_001665,-0.023832988080763506,-0.003696476618216593,0.072561263652143
config_001666,0.2377818786157288,0.1325703757297066,-0.2556132379193275
config_001667,0.022560072843273438,-0.18513272479514298,-0.21439229698649184
config_001668,-0.005432948456161213,-0.07702005903303716,-0.2550303892847077
config_001669,0.2870191635018838,0.1406862227025062,-0.030288205238727217
config_001670,-0.11417359222928497,-0.26759313896380127,-0.2251802850820943
config_001671,0.20164178518191717,0.11767899713501107,-0.26964204161534233
config_001672,-0.1577359232349157,0.20980931611171,-0.06379404005626543
config_001673,0.07453651305850806,0.21496502671447787,-0.10586703005185419
config_001674,-0.2805980804222729,0.052561854692192156,-0.26131327071379357
config_001675,-0.17574232806188836,-0.2626273461464587,0.28833546640012225
config_001676,0.17682662522223186,0.05489353328184421,-0.022523435405466696
config_001677,-0.28384873179553605,-0.13035636554385652,-0.24995287848586498
config_001678,-0.23844012454592395,-0.0871587039167653,-0.07974158625996733
config_001679,-0.033540142985282906,-0.0024693153803578838,0.12633982307778657
config_001680,0.22236592200442068,-0.21367760980324546,0.29125311287030614
config_001681,-0.1847010146551636,0.007954952067586396,0.0027807980772364127
config_001682,0.06834200327576867,-0.20496890825962488,0.0748066270706737
config_001683,0.2565646510265243,0.2990639195755957,0.26745113192335374
config_001684,-0.1762291924949324,-0.1699008943492005,-0.24127925017417556
config_001685,-0.2828548266065023,0.06932621642783754,-0.01643659778688611
config_001686,0.07733329346923379,-0.09407556785908647,-0.06540720655982529
config_001687,-0.02236409220144575,0.08942347458613703,-0.023364227600261467
config_001688,0.07826625036021223,0.18298346267987758,0.030176114087486827
config_001689,-0.19548769405234268,0.1077437101184952,0.08684637930585154
config_001690,0.2483131733062504,-0.0019869954301960924,0.1465007340857773
config_001691,-0.020564199776211822,0.08701747861851189,0.13901326602727737
config_001692,-0.14229005167692638,-0.09259712100177178,0.10758234176817433
config_001693,0.24745467837690366,-0.028298202390378502,0.04654871798330229
config_001694,0.06407134293697447,0.20819250037258813,0.20920524433980664
config_001695,0.12381655741614755,0.1126132464670146,-0.019178944678187426
config_001696,-0.2604225547730866,0.18191861653510755,-0.2544051825837102
config_001697,0.27351613725261964,-0.05384193089604286,0.26437217219294135
config_001698,-0.024188725718282733,-0.20041314878137428,0.11248812742541758
config_001699,0.2603858413969106,-0.002476841972247512,-0.10298313538168413
config_001700,-0.265733194111802,0.183612343468619,0.005213613123316585
config_001701,0.27608829582808875,0.15529414538055825,0.04588683185766895
config_001702,-0.28945184833188836,-0.18247740745741242,-0.14502917781855962
config_001703,0.22663141645157198,-0.12134327608301596,-0.2565918244202943
config_001704,-0.26217055910366394,-0.0015798636531475507,-0.020290826649717097
config_001705,0.2232363682341298,0.16868065286454248,0.22509815749411738
config_001706,0.2513032436569607,-0.2542828443115366,-0.10991260338774492
config_001707,-0.01193074962322399,-0.25507350591858213,0.2737560464070869
config_001708,-0.24865818378164647,-0.1008476584637773,-0.16829028715380484
config_001709,-0.004301085705220198,0.055357790597153844,-0.28166968060994835
config_001710,-0.13535424885992284,0.010213215050255076,-0.28737550090156644
config_001711,0.004348470512968827,-0.02064214552812893,-0.12609948328231793
config_001712,0.02550681490447304,-0.2956616834771416,0.2889264027220971
config_001713,0.2921134890265234,-0.20101455370336058,-0.033770007615498865
config_001714,-0.13299290159755417,-0.29517685761372914,-0.0655601528803752
config_001715,-0.07574316326574546,0.03980979795540718,-0.035070595290194406
config_001716,0.0775084116825695,-0.18919143416445033,-0.26173481688243755
config_001717,0.2528513824002843,0.07614356962094476,-0.15569123343325417
config_001718,-0.264282684532607,0.0920367253044978,0.2552175436483493
config_001719,0.19036031457661962,-0.25969811046614105,-0.00926962706724943
config_001720,0.14951699862695694,0.11980914487276989,0.10285243973511421
config_001721,-0.21813407318466932,0.20466636303021984,0.20229030745891047
config_001722,-0.2639139946595904,0.19506429808861991,0.2063719181756229
config_001723,0.21710676110166433,0.030285931827807366,-0.29499506615276216
config_001724,0.0910527896909128,-0.17204253454282065,-0.24728325705234655
config_001725,0.06930903548893674,-0.2311561599890558,-0.1165488419318918
config_001726,0.11267332336106745,-0.141440860547665,0.21600789371063317
config_001727,-0.28259950272345086,0.06577740417044187,-0.16897243499019465
config_001728,0.2683811340546474,0.04772379322211634,0.1272568542792158
config_001729,0.10662225637655565,0.02585112190188482,0.07893416615483939
config_001730,0.1521911819901577,-0.08172699085750615,0.06167488656119641
config_001731,0.2657108214308977,-0.2188123731828549,0.2488281766919645
config_001732,-0.1974185305081988,0.20420905034822462,0.2083052215421673
config_001733,-0.12381572714236869,-0.06721749505438651,-0.06232319599765551
config_001734,0.2575801014608852,0.11060057327945266,0.0063215123490114045
config_001735,0.12757574849262798,0.2983139206486131,-0.1012230519909883
config_001736,0.2711471371531568,-0.0344316841768848,-0.1527824404925754
config_001737,0.0381784211713847,-0.03170337316494082,0.01579074993335805
config_001738,0.05611534143624519,-0.29049921010711655,-0.10741578545376082
config_001739,-0.11297784856699439,-0.25513389121324687,0.1705451052444798
config_001740,-0.11186155446772375,0.08050222235019128,-0.28891002677474714
config_001741,0.29394697165566447,-0.284724581328084,0.1836697384351867
config_001742,-0.12196431971651464,0.017906053033065583,-0.023696475940469086
config_001743,0.21296373390718054,-0.26224112702348223,0.05053865917050154
config_001744,0.29677288683642183,0.07406992123188089,0.1885552894521489
config_001745,0.056516948287095414,-0.28817712141323,-0.29290269244593264
config_001746,-0.27898386779765544,-0.29022073078373417,-0.18955830765435466
config_001747,-0.2127974016986675,0.26891189657639175,0.08963835235294249
config_001748,-0.20814402833585155,0.078184564464987,0.2632584274673478
config_001749,0.14537583940791604,0.07383509033757552,0.13135652133033288
config_001750,-0.07565997423333065,-0.03978415861303486,0.06705485697943564
config_001751,-0.26143254050635983,-0.10949087452777406,0.2426028214294546
config_001752,0.054092102393306085,0.11323330680466615,-0.13279895439658404
config_001753,0.2529966927195945,-0.03826273629696031,0.03219533752023529
config_001754,0.06797054951490655,-0.026911154130368597,0.14537920203470645
config_001755,0.15967503170721986,-0.2283165549144953,-0.21013682153573865
config_001756,-0.2262358105050178,0.23590135503828974,0.18973186089751976
config_001757,-0.22581301292248435,0.25556463081176267,0.24822457822354232
config_001758,-0.26038094822171476,0.244134739159864,0.227836981077234
config_001759,-0.061270354624092416,0.15816804307198046,-0.1342524657401928
config_001760,-0.06851842426968041,0.19809647826083437,0.0957918619843875
config_001761,0.07909395567704508,-0.11763210009339889,-0.19061931540581198
config_001762,-0.033977221565052285,-0.09319960745869785,0.1129412768460456
config_001763,-0.25226819371285425,-0.10426708872566143,-0.2528272659941789
config_001764,-0.007803803519247754,-0.22048728086696134,0.25507720442212684
config_001765,0.15335598603290113,-0.29877707485556404,-0.017736688474296214
config_001766,-0.15386795229397957,-0.08295328442944447,-0.16262776266255977
config_001767,-0.06846514216554517,-0.26929098728162915,-0.17665066764760973
config_001768,-0.11229967175276115,0.13301013675922557,0.22563256184882158
config_001769,-0.12988018961747128,0.12970727030389723,-0.04736240604613362
config_001770,0.13126191141876398,0.00997263293521855,-0.23780342344215213
config_001771,0.27732200647049415,-0.06589036810310672,-0.21434137668253894
config_001772,-0.12165577402051644,0.08996902292659803,0.2151246582665634
config_001773,0.12480461153862898,0.025194615998768932,0.2859325218371443
config_001774,-0.03076915099236588,0.29070500626786316,-0.08224941911831771
config_001775,0.06641058284012413,0.009762532060135776,-0.2826508928078143
config_001776,-0.0680913915891363,-0.1577032138468009,0.23645676247762476
config_001777,-0.04751643998451471,0.15695305031352275,-0.1624985348186704
config_001778,0.16622064978246281,0.17091872517264134,0.1305952080521534
config_001779,-0.27270856721037906,0.2910486297590969,-0.11349185838436901
config_001780,0.005195719802899901,0.2661979700113612,0.16711405246875594
config_001781,0.24256284352924856,0.07226666804805904,-0.1647096480464804
config_001782,0.20932315501142645,-0.11813836927505597,-0.09308519831978823
config_001783,0.08017157796859808,0.24563089979656588,-0.19346183626193858
config_001784,-0.008085367564871937,0.2621224875522787,-0.0031915833904276325
config_001785,-0.20315503535909016,-0.08923290674811504,-0.03820250155621602
config_001786,0.28760195790301984,0.022614005189929953,-0.10512272525342128
config_001787,0.21241179080456601,0.10590580797863192,-0.19337633244184005
config_001788,-0.12852081796211592,-0.05744140556515839,-0.29872010255334736
config_001789,0.14073421389442042,-0.10239915090880694,0.13074504626569278
config_001790,-0.13302455673082705,-0.2529752758369553,0.2270056157880071
config_001791,-0.16120978049020449,0.08163010715990826,0.13998416047585455
config_001792,0.010239142856282413,0.2939563318694122,0.12813354953225065
config_001793,-0.021013299515357353,0.02613693658755778,-0.0046058022542172505
config_001794,0.2509875734039179,0.28180426963901245,-0.09331109478063618
config_001795,0.18187664068282883,0.026385193268508134,0.016891449872211473
config_001796,-0.05072193691359511,-0.16847376690638452,-0.19563921315879262
config_001797,-0.1560326694969012,0.0948191225255336,0.16372996747349972
config_001798,0.0638987888057933,0.2979708109003721,-0.0367288936468248
config_001799,0.22876684898306804,-0.11667143656950815,0.0998285964933539
config_001800,0.08276705421693215,-0.2717720879928426,0.12475252782509155
config_001801,-0.27348876552992096,-0.05460435622308857,0.07993390730219707
config_001802,0.2142937037297044,-0.07621835705705357,0.14918061264716548
config_001803,0.24927279445913247,0.1402273853700472,-0.15899022574283564
config_001804,-0.044028896505425685,0.10611643527578207,-0.13534635726010694
config_001805,-0.28207772968002076,0.2755910759758344,-0.20665359889839238
config_001806,-0.22151887330266215,-0.27116069601588405,0.04061139976186934
config_001807,0.04408202968233177,-0.17900898601364307,-0.03441439125588447
config_001808,-0.2292782087915361,0.21927215826768626,-0.24978515904829443
config_001809,-0.01809507818774192,-0.1782711488819072,0.25878725619975834
config_001810,0.2999802937781107,-0.02160966563563288,-0.09006558571622883
config_001811,-0.24725448375048642,-0.05171402848018061,0.06849618390543843
config_001812,-0.09346312247813862,0.035507498459934006,0.06130580725126222
config_001813,-0.08492945875833993,0.11919270679931643,-0.04369213797038374
config_001814,-0.06716093526710656,0.22534726792036092,-0.29787293978943824
config_001815,0.10013937250897853,0.205218267284976,0.006920924128301864
config_001816,-0.17391539599806546,-0.06436522566827307,-0.17946715673267338
config_001817,-0.014182941048171083,0.27047351621493504,-0.20501245766534365
config_001818,0.21869064799477406,0.21321404310202702,-0.19873330976404507
config_001819,0.24365752033376437,-0.2878635013752742,0.22619700726859931
config_001820,0.1258685483550413,0.12378834791739213,0.039205908811197954
config_001821,0.16741391709540332,-0.013187028033937453,0.2777424149117394
config_001822,-0.06212793897538091,0.14869119694843735,0.08948144155176924
config_001823,0.12761663630945935,0.07051925827018235,0.057034884902026795
config_001824,0.02812912650881294,0.10635720419651368,0.15869985880263837
config_001825,-0.14470056766063336,-0.035913087752927175,-0.08571581232008138
config_001826,-0.2967112195530995,0.1953239211760423,0.2130549732786881
config_001827,0.11958298707597426,0.003294087936815848,0.1152072874857395
config_001828,-0.23705574822803605,0.18582918702369955,-0.27085151868138807
config_001829,0.2937365657425219,0.19506467126398425,0.24043722009848562
config_001830,-0.025162950052450506,-0.09088702532239706,-0.14927028854935182
config_001831,-0.2172863696126356,-0.005364337899481431,0.2301907827797382
config_001832,0.18394813623198247,-0.09625828075949597,-0.03634545308921555
config_001833,-0.20232967813307984,-0.27524568769107244,-0.288810319642607
config_001834,0.10900548026612461,-0.23332410557844324,-0.17287142973980082
config_001835,0.19955188087847892,-0.16547949566019984,-0.19478182667502209
config_001836,-0.08770415648693236,0.24170846085627046,-0.17970165982632086
config_001837,0.09688567923573921,0.20812798786292414,-0.06317622402601861
config_001838,0.2670497761949014,0.17629510005846472,0.05094171348102017
config_001839,0.1117878327056106,-0.2292805351876922,0.06426935861884947
config_001840,0.01991278137270691,0.28089165796943677,0.06752276083903985
config_001841,-0.24005549619193445,-0.05974867492467767,0.11318708101297509
config_001842,0.2074061764950333,-0.22333207467323452,0.03692320222329454
config_001843,-0.07188647068811299,0.17803317453613648,-0.028125659932691616
config_001844,-0.13932872146850842,-0.27524089336426777,-0.06576452153468001
config_001845,-0.16770351372024542,0.29273607392915474,-0.20664090038183053
config_001846,-0.07736140953142279,0.1885816550230442,-0.25498297140010573
config_001847,0.09215312782423135,-0.0389043862007889,-0.25448807561397796
config_001848,-0.010574686389910104,-0.1444541563754604,-0.25034905714592776
config_001849,-0.1444356801027042,0.05387600193710457,0.13372619650697604
config_001850,0.2262501743941489,-0.29405803149355564,0.252305704210061
config_001851,-0.2710273071817952,-0.0864984523644313,-0.00461540670323457
config_001852,-0.052873278417158526,-0.22822829534405426,-0.284049149158544
config_001853,0.00099739470074528,-0.03833813082915588,-0.19966579377440136
config_001854,-0.13736815189524662,-0.13528333283439048,0.14690343498521685
config_001855,-0.25346147131533847,0.019828931356001722,0.07711185607251148
config_001856,0.05443493201904026,0.2654040500795,0.03016212205675295
config_001857,0.15536589608686346,-0.09796644565850407,-0.282366199896569
config_001858,-0.003977333325843324,-0.13686141542716304,-0.22700237817144486
config_001859,-0.07208690033053941,-0.2540581043666564,0.22826951643365528
config_001860,-0.19597702999929462,-0.08258083526722629,0.12153586812544404
config_001861,0.04759033496927467,0.24611998823061648,-0.20900340293365227
config_001862,-0.08649643626008222,-0.18069922018780155,-0.293330007795426
config_001863,0.22337804568222958,-0.0892749973060222,0.05618252726412687
config_001864,0.08527469808668797,0.046828817810347145,0.23286984227887725
config_001865,0.2022723841560709,-0.07501415435356043,-0.16089757876917624
config_001866,0.07908791137992899,0.15201379079183452,-0.06272300170572001
config_001867,0.02349615154822382,-0.14747091570080773,-0.07804751276206712
config_001868,-0.04979398316847522,-0.0402252169101423,0.026278113269362302
config_001869,0.1731991290097124,-0.09678467626761014,-0.18329179996074305
config_001870,-0.11445957490126038,-0.28841552057292186,-0.2683993644635057
config_001871,-0.07426814640202217,0.21836846525059334,-0.1927938478298285
config_001872,0.2246161800808129,-0.054437403406535356,-0.1571855603660983
config_001873,-0.267515688241361,0.22945621358199814,-0.18109878951297287
config_001874,0.010265512824976453,-0.1896150043519582,-0.202952634912837
config_001875,0.13526796667563534,-0.2453183384839317,0.010133749752509191
config_001876,0.11424759498485615,0.11641230422689941,-0.1531543453940008
config_001877,0.246596372606605,-0.10189275737442263,-0.09103576511541803
config_001878,-0.1081837845133449,0.20260198067248464,-0.20743493876091035
config_001879,0.056562199033328375,0.15225983447078162,0.16332301345353462
config_001880,0.2666513376803003,0.18309562011504749,0.09408241638881853
config_001881,-0.08718835869063515,0.05137929335458974,-0.0404881468420103
config_001882,-0.02274706866754661,0.23760670509003384,-0.17819433596960285
config_001883,0.05900371564249085,-0.2781687106289207,0.1798324809179916
config_001884,0.08957298928109314,0.27255441663487395,-0.08879785210928232
config_001885,0.04543020820881161,0.03002701728682139,-0.29621771957763116
config_001886,-0.14899666262448677,0.12653296677855913,0.13275808938089506
config_001887,-0.04314643689534836,-0.13124924207808683,0.21987130289111095
config_001888,-0.07296733362204999,-0.10236014137364297,-0.02092121841995548
config_001889,0.13777156592850037,0.03871145768270806,-0.16665426157540852
config_001890,0.05551880832904038,-0.11413991498492138,0.06048179541159665
config_001891,-0.28552956293517556,0.2171536137236369,-0.1991801803860438
config_001892,-0.27217506181294754,0.08154270668981811,0.19307376027459672
config_001893,0.10075354994962588,-0.03942846742341566,0.054117174887697295
config_001894,-0.2463348471350396,0.09378464439469303,0.24786206197629684
config_001895,-0.029305040832563523,-0.08602292800978847,0.19639932587590658
config_001896,-0.029380578844966365,-0.010862986749788084,0.08540611126664854
config_001897,0.2166075677646891,0.14260577503024674,-0.052884346310060754
config_001898,0.12260751418267929,0.006299760695261503,0.26175930933858177
config_001899,-0.24603421906219336,-0.04081412627507319,0.15739691937237582
config_001900,0.09767525226910667,-0.20287665401666505,0.015792084629010217
config_001901,-0.18622966887098774,0.24862883230200744,-0.08116584792156245
config_001902,0.09009578165587995,-0.17209248946963546,0.10080592426972468
config_001903,0.012050556381248467,-0.11479003076759567,-0.04482008739921117
config_001904,0.006232580741204696,0.22234343739624202,-0.1698746289060867
config_001905,0.02252739904383899,-0.026249048585800294,-0.23787691339050498
config_001906,0.17338842941677274,0.26724086583919,-0.06053673206387675
config_001907,-0.05482109579540584,0.17184460160527149,0.17750330782413937
config_001908,0.1364950580131043,-0.19013370774363508,-0.291463766089417
config_001909,-0.22743032027079396,0.1725514955152989,0.26487816668989855
config_001910,-0.2589599493000409,0.08582375592598235,0.05111135740682399
config_001911,0.12617321751172828,-0.15426183545682445,0.1709582106880591
config_001912,0.15674333273822344,-0.16966675742713513,0.29538300871202444
config_001913,-0.2762103726520841,-0.060590802149891626,0.07972009682198938
config_001914,0.22208376920408196,-0.049944389678259926,-0.28703501569406636
config_001915,0.21894583752805424,0.14069610741748184,0.2541723246834225
config_001916,0.015339896712490586,0.10478635638608169,0.1180606571268154
config_001917,0.07463936973781782,-0.012655035629049904,0.08859449016220117
config_001918,-0.14644857453196672,-0.17900414792188796,-0.037502570684464276
config_001919,-0.2580754372584453,-0.1586168512217665,0.21508573153465899
config_001920,0.2539694876153767,0.036364999087995065,0.012126041225276385
config_001921,0.21380607146892555,0.22210640700256162,-0.17868383224185103
config_001922,0.23998474689828547,0.08730527348126682,0.14532692780213285
config_001923,0.02547460850036065,0.06524043288811276,0.034519336093020825
config_001924,0.1914922809449055,0.020968673261991755,0.10600571187807012
config_001925,0.2926213369703566,-0.016645793742636805,0.1186137467318703
config_001926,-0.19272259601606911,0.14444235529580252,0.12825667476913366
config_001927,-0.015653167536726242,0.11257411718806293,0.1855850131987991
config_001928,0.2789611065466145,0.29511861225961317,-0.08165789552434999
config_001929,0.2247488297831836,0.1839634479348667,0.205602493002551
config_001930,0.255118197385448,-0.05849028633325545,0.0032529079952730022
config_001931,0.12181675639247103,0.042169519261572475,-0.10874318706836997
config_001932,0.23552693661169738,0.2540071530670233,0.02173373384747096
config_001933,-0.223460682280565,0.15440005699888792,-0.034208700670827985
config_001934,0.08468074393653802,0.22966458826971953,0.02005984965612606
config_001935,0.06528084631710762,-0.12293835205486003,0.23160535765306328
config_001936,-0.10010013535386,-0.11072320940374683,0.059573017382105464
config_001937,0.025774358381395357,0.2162146857478357,-0.10522296907557474
config_001938,-0.08709244389195972,-0.18835814098538578,-0.28633089367500675
config_001939,0.16479455352176048,0.27014520452671825,0.26652005822446007
config_001940,0.08130966377788473,-0.23455094099333035,-0.05939942633079026
config_001941,-0.1627026639282522,0.010805508358365856,-0.16177700490928332
config_001942,0.07706183597895011,0.2269302004002412,-0.28393460277741145
config_001943,0.058933090629134266,0.08162451452245356,-0.21105238191778714
config_001944,-0.08837956473499348,0.27029103446446584,0.29439124868768124
config_001945,-0.06688146994907782,-0.0135310044476315,-0.2502098047072793
config_001946,-0.02688331668697319,-0.04682872463118126,-0.0034139296359824156
config_001947,-0.24519830897334813,-0.22049273917257772,0.002174371404755182
config_001948,-0.03466062953244564,-0.19307195860741463,-0.015534517158236838
config_001949,0.09401563242670108,0.1484393702729051,-0.2976101146634704
config_001950,0.1738666593391403,-0.1713248736881328,0.21183226622131174
config_001951,0.2460997234794156,0.2743780226035884,0.16135179581123327
config_001952,-0.1113058798201084,0.2392500731267348,-0.26581165066151285
config_001953,-0.011793713605040668,0.24496983058320915,0.2575388951576227
config_001954,0.13381858121390533,0.059927077023957,-0.12615431864584176
config_001955,-0.1037951436075884,-0.19587767569760425,0.13585846318426215
config_001956,-0.14593823320912797,-0.19142842042006236,0.0818666370417207
config_001957,0.03868277496342665,0.2426897880798013,0.1253727077516945
config_001958,0.13024626232722875,-0.0020941477414060383,-0.06098369909022547
config_001959,-0.19785089733106692,0.1446059872857849,-0.2905717706022984
config_001960,-0.030327378480964395,-0.11554594227087323,-0.17064453205485852
config_001961,0.288917071179652,-0.18468555368989453,-0.19520001267877984
config_001962,-0.0473467263101775,0.026258706241003904,0.006464107189845969
config_001963,-0.16371670345602576,0.05322689353922172,0.2308387743486619
config_001964,-0.0024952243376124006,-0.0824425697514696,0.0689916818935174
config_001965,-0.08302773141650147,0.13360835111504732,0.1217445082661186
config_001966,-0.2584565974956527,-0.06933525069545665,0.2835528482332365
config_001967,0.06347410651966645,0.2014358171053912,0.0040439577974693
config_001968,-0.035409508270274004,0.15629425759695204,-0.29741604576236
config_001969,-0.18214603249519384,0.24765216349780678,-0.196299337354078
config_001970,0.13099576384234618,-0.13705065389845814,0.046632306779204435
config_001971,0.2978407030456733,-0.12973374808634758,-0.09133766019812861
config_001972,-0.2817972443186784,-0.11520639191836682,0.06290378697100313
config_001973,0.04939535495912961,0.28468608697085035,-0.02403649184455514
config_001974,0.06685817486926349,0.21991929465636223,0.12850736900809417
config_001975,-0.15160192238358686,-0.12990577824936206,-0.23110304842295692
config_001976,0.19775773058318086,-0.07873682237604121,0.25333001981186437
config_001977,-0.2465959610413712,0.06330940228738491,0.2420175758098591
config_001978,0.01779131538930745,0.09596156674792844,0.2444554130434458
config_001979,-0.2903511835869023,-0.04525437162119961,0.15103318510246716
config_001980,-0.15066183514812512,0.07928227643400682,-0.18505515228561495
config_001981,0.23807523585587137,0.14668455422385512,-0.017875570097634852
config_001982,0.13494759967240555,-0.0727795926886747,-0.005020431791823876
config_001983,0.14924325808288225,-0.2446742633729291,-0.16158282611821984
config_001984,0.18827322041175132,0.19501657057741323,-0.057694444144381934
config_001985,-0.1606349753110198,-0.1714635769830799,-0.2794385914673954
config_001986,0.21066560928131223,0.040070954115897006,0.23104145529919679
config_001987,-0.28196657167323863,-0.011850493525739525,0.1403959318425645
config_001988,0.023788388738934296,-0.06730034021267561,-0.11155326956069622
config_001989,0.2640211011362618,0.03140555175258547,-0.09811557172395399
config_001990,0.24177857805040298,-0.13235937760206662,-0.02789645784536876
config_001991,0.09204316295483622,0.14155930384718346,-0.17932372991608797
config_001992,-0.1796647633259771,-0.17046122639171038,-0.21691462699309527
config_001993,-0.2785705867208591,0.04163077594117798,-0.2710812744938033
config_001994,0.282214421073211,-0.10350401928897923,0.29372773270581315
config_001995,-0.22667177796218158,0.06332193859309015,0.12451277300065838
config_001996,0.27194484023032134,-0.05016054105425646,0.1480677910652226
config_001997,0.056806130394469745,0.231842902741134,-0.1359617394187699
config_001998,-0.28344945066345983,-0.27234232013971277,-0.19451861356267194
config_001999,-0.21327252698651086,-0.19381878792744256,0.25884294576674155
config_002000,0.25380584659255684,0.001277599604438795,-0.17237623134000313
config_002001,-0.062061175662388196,0.29403633655149325,0.26994479739545524
config_002002,-0.20253069004303012,-0.20437313291499415,0.03403014045261277
config_002003,0.27452944844416544,-0.017392404737385292,0.21384382197047097
config_002004,-0.18798462080179507,0.172478889402936,-0.2408507712606665
config_002005,-0.2148964898487617,-0.1754585389204208,-0.29169814296845925
config_002006,-0.2669151580104098,-0.20174088661199271,-0.1947074644166854
config_002007,-0.29238665654296864,0.22856964446769373,0.14234900076385176
config_002008,-0.20954449145579584,0.04973176759834641,-0.2582616022416731
config_002009,-0.2241928009868394,0.07696575890558793,0.19128803881389805
config_002010,0.2607165803381826,-0.10258005682896024,-0.022672365478494827
config_002011,-0.2861614405759721,-0.018464217369486446,-0.2765819589882077
config_002012,0.009973568511478681,0.04014363869108917,-0.1590415426242935
config_002013,0.18691839268794186,0.14264443075017097,0.14136537056842874
config_002014,0.1610008063603655,-0.05357104267303561,-0.2636278595655161
config_002015,0.14578811247071144,-0.26794297727877087,0.27232191547732115
config_002016,-0.07784875568616012,0.07591931977303168,-0.25089270157920107
config_002017,0.13388444642937858,0.08562359420764976,-0.02600245514552041
config_002018,-0.2565065599934746,0.2560666185606158,-0.19933393365485313
config_002019,-0.2510713193793384,0.03066491807736238,0.22175008011865843
config_002020,0.1372807518177644,-0.22706088059306503,0.08047535623076912
config_002021,-0.1741431984129038,0.09065779537931606,0.21847589776719828
config_002022,0.09727612467991936,0.028837987323443004,-0.18548677581640866
config_002023,-0.10040980033398933,-0.03828749164358658,0.020810273517390232
config_002024,-0.16200677463503357,0.10262998492033115,-0.28889333492785196
config_002025,-0.28783953315769384,0.10174980288206026,0.11726974471183788
config_002026,-0.010643752725029043,0.1410518292652067,0.29322314376223696
config_002027,0.1810207353030316,0.04728778553245372,0.14805824608995322
config_002028,-0.06208487813440383,-0.12147611273265446,0.2817858349809867
config_002029,-0.23674126040531515,-0.2967464023893833,0.029206808392961137
config_002030,0.115056130800406,-0.049659270972981784,0.21174258565766574
config_002031,-0.03643875191843121,0.24188081613419238,-0.023398557958544952
config_002032,0.15481627572898282,-0.18562604298819163,0.15948683113046475
config_002033,-0.2679519666990357,-0.2856509604562111,0.28186662591225814
config_002034,-0.25252544417090483,0.255935105214489,-0.17509580774726136
config_002035,-0.03898411242660427,-0.08793655992588092,-0.09233716011129042
config_002036,-0.09333281524288006,0.03902309810965959,-0.15005532815966285
config_002037,-0.1696757539725174,0.04304265803335139,0.07796220248463126
config_002038,-0.019000696199938494,-0.09846370384029193,-0.19015568719324066
config_002039,-0.03007326626712259,-0.18195902585887364,0.1453279614733593
config_002040,-0.0846810157565602,0.22959057268808142,-0.11319289862600587
config_002041,0.21833190182043122,-0.18310674460213505,0.21629431422119388
config_002042,0.22035295788145287,-0.082801226549365,-0.23737613146685815
config_002043,-0.04938090882106777,-0.11160226779648816,-0.13736992594071776
config_002044,0.21982165231967726,0.11430741008159667,0.16309499055478832
config_002045,0.05428896778086767,-0.09139599914674376,-0.052619782212479316
config_002046,-0.05508288638128431,-0.1657624972052591,0.13732556976999377
config_002047,-0.1725429286455841,-0.26826775849634305,-0.07351252010039672
config_002048,0.04163453507605969,-0.1988959786294342,0.18361383444793544
config_002049,-0.26052062186845565,0.02823231307105467,0.2636266370722657
config_002050,-0.1589914114583502,0.10253968404622837,-0.0551792786758222
config_002051,-0.1338600798958741,-0.21907093095038804,-0.05011240893673424
config_002052,-0.28131737083572034,0.0473886728684087,-0.051151220256696994
config_002053,-0.21503455472371547,0.08418798355314855,0.15073972110453226
config_002054,-0.28922828678828083,-0.14220864459237398,-0.002972521386431559
config_002055,-0.08466661093808003,-0.25881764666310175,-0.10911828672704008
config_002056,0.22907266739627735,0.022321416767553948,0.2541671511993014
config_002057,0.20858803500917938,-0.05737144838351313,0.16587745222502953
config_002058,-0.2075237497997457,-0.13065947785649543,0.15303670919690815
config_002059,-0.05721955997806066,0.2916621673489022,0.20615501537120123
config_002060,0.22828502205134643,0.07163221173817835,-0.03825744197333697
config_002061,0.01468524774002572,-0.1393000068987939,-0.05596485400548565
config_002062,-0.014137481579967193,0.004744155544731732,0.19794891108172463
config_002063,-0.2156220408566087,-0.19219557686759942,0.20201074819329806
config_002064,-0.1560821594887039,-0.2716930281409571,0.22890017504833077
config_002065,-0.2542744395352802,0.16330931799214315,0.2623127316206066
config_002066,0.23617445882553506,0.06709939072648397,0.20924430387302234
config_002067,0.0865230453297276,-0.20091504797896304,-0.24317474943408188
config_002068,-0.011086558632785515,0.06824482871469989,0.20205246700279939
config_002069,-0.2597064475472611,0.04730031777980448,-0.12790036180398867
config_002070,0.20348838967378763,-0.21646345401966055,-0.0718663764043947
config_002071,0.04162966727462941,-0.2653635888331206,-0.13910557417861194
config_002072,-0.04626434896186388,-0.1456320104892355,0.02435724170887299
config_002073,0.0483401343652205,0.18454571406275194,-0.18318557713507222
config_002074,0.09232722808615995,0.29633011077605836,-0.17351406719207654
config_002075,0.24503045666983175,0.2133743665314231,0.028672623272782527
config_002076,-0.26838544445230533,-0.042064012722400845,0.09501321217366804
config_002077,-0.2120707961142325,0.24448122316340365,0.272527974794795
config_002078,-0.26750134473078135,-0.2751148376663476,0.1719644443835303
config_002079,0.08163180278866594,-0.14852817189194456,-0.21607949436188553
config_002080,0.06388641232094233,-0.11503068234404998,0.15849595201085342
config_002081,0.13614887242874785,-0.06785839250951292,0.1618336703147874
config_002082,0.1386408182113018,-0.16944345295740493,-0.13506540405866693
config_002083,-0.09996081101620924,-0.10990766605240795,-0.29004971916679534
config_002084,0.20538565159819183,0.003854960784471839,-0.27977812339020985
config_002085,0.07321575157424898,-0.0996362301762278,-0.09278221604266168
config_002086,0.11885761664587591,-0.13244866029457966,-0.09497719550902495
config_002087,-0.23998092486152756,0.029122700505430865,-0.18199792541329385
config_002088,-0.09363287912791987,0.20174147549577376,0.09877323354342354
config_002089,0.23929692429672483,-0.14308615886195733,-0.08286040541586834
config_002090,-0.19616320323066802,-0.02208834865630066,0.04601017578026795
config_002091,0.014420078426400196,0.2984040745842979,0.20988034615347134
config_002092,0.20957683777784936,0.09700858437674598,-0.0005579320761700535
config_002093,-0.2727042776622508,0.019380930627349024,0.2903244041000444
config_002094,0.0004777910342871339,0.27811401011559117,0.28588805253703603
config_002095,0.22004814561506997,-0.23501522568520625,-0.05195515332413442
config_002096,0.26849541740125776,0.1123478782254741,-0.19551749459250306
config_002097,0.17013644298647412,-0.07195310231040344,-0.20598214708399296
config_002098,-0.06311447833730943,0.24494431257194244,-0.13368916630161926
config_002099,0.20307800576921747,0.2438427827663207,0.22632430652247398
config_002100,-0.1351147105935739,-0.1299279121257705,-0.08967517327363597
config_002101,0.26060592446959524,0.09068477289343929,-0.10328295872227539
config_002102,0.2860757452977026,-0.09373201078170959,-0.29732488168193144
config_002103,-0.10249642861611527,0.09839512955279983,0.15170885105252546
config_002104,0.04668599223494985,0.046415841449836126,0.09642168658049804
config_002105,-0.17869061924778407,-0.1599487017894908,0.27011420019282123
config_002106,-0.2506792918281066,-0.16462633587189446,-0.017522424370635836
config_002107,-0.18838505467423722,0.2392719175427523,0.0917162444774407
config_002108,0.06921964299400651,0.276902588142192,-0.1185203841167422
config_002109,0.088647824491079,0.09729605539594754,0.16456614465948532
config_002110,0.2704746040397284,0.10662101584028172,-0.17665205947650264
config_002111,0.23557439945635367,0.07550954160332274,-0.24858416965707408
config_002112,0.21123349174577605,-0.06311707559712212,0.11136895038251765
config_002113,-0.04774678234618668,-0.24635263796732967,-0.2029879943566369
config_002114,-0.16700195937667342,0.23974580685995478,-0.04291748906562187
config_002115,-0.16303883782545794,-0.08526808160255384,-0.2820554384426818
config_002116,-0.2575639049400734,-0.13651822702517394,-0.009956617749257268
config_002117,-0.131690867310065,0.2806762526688323,0.22056069684544827
config_002118,-0.2929121407288551,0.14294004064088262,-0.02461124009110549
config_002119,0.29279426859701413,-0.06383390895450697,-0.16643533129063295
config_002120,-0.026614094487286744,-0.10150460093520369,-0.20845830118234154
config_002121,0.09044931163971498,-0.2170384542573987,0.29370187182119506
config_002122,-0.20524046486883718,-0.08801700944894117,0.04633045870839758
config_002123,0.2519437873696467,0.041806427775063215,0.057376150087555644
config_002124,0.0311742019682566,0.18445798077416853,-0.15282807457860795
config_002125,-0.05510352535169963,0.0688114487455389,-0.14032466573683056
config_002126,-0.27058853260748705,-0.06436675592818752,0.29996245461639576
config_002127,0.20926258035400874,0.08524357941134114,-0.22542231930855677
config_002128,-0.28238132831811885,0.06020338657606755,-0.28119298414624677
config_002129,-0.022874745255873075,-0.1823471075352942,-0.2981358036184812
config_002130,0.08928436103276638,0.2822741022449368,-0.29142727149518244
config_002131,-0.05897561493602063,0.016177608165908908,-0.04879878578030483
config_002132,0.17065590101815759,0.22619377344215313,0.21387645786516968
config_002133,-0.08895678359301118,0.27477801374459293,0.2932933744876655
config_002134,-0.0018715483244699516,-0.1609119474031614,-0.11566225197378696
config_002135,-0.2392409503451538,-0.28778001945375975,-0.14130288171060715
config_002136,-0.03488968855694885,-0.18292373052746463,-0.22131837064379298
config_002137,0.234262335288781,-0.1564961844299126,0.06803235957994053
config_002138,0.20726366617103914,-0.2856850150362436,0.19547793926011742
config_002139,-0.07864537059409196,0.07044661272272718,0.07753354055801903
config_002140,0.059327202557817815,0.1667456952847685,0.29078628370259113
config_002141,-0.03442107399771488,-0.2476479765005697,0.08826119924883952
config_002142,0.048900816714932294,0.13552898595644536,-0.16708242005854315
config_002143,-0.1668510772431682,-0.1536464308852619,-0.10429943111973633
config_002144,-0.0645428763015698,0.13452493341712202,-0.23411586928643918
config_002145,-0.2381876226035597,-0.09628541229842003,0.2990712791658697
config_002146,-0.03481620775051797,0.10738825484649317,-0.1695284221428265
config_002147,0.25292645656788454,-0.18145456117711253,-0.12218422898871562
config_002148,-0.007941611330819165,0.009684960114470842,-0.0709529217193445
config_002149,-0.1950856096107688,-0.12553305203727208,-0.015025233392204296
config_002150,0.21836871917868067,-0.2032124656025609,-0.09466705953283214
config_002151,0.1399289242068429,-0.025971152677259635,-0.24006094713200182
config_002152,0.10697703161284011,0.23989069587799566,-0.1465932065380709
config_002153,0.10588935375972108,-0.08846975059126791,-0.12119734762832526
config_002154,0.18011190733348054,0.1475485504866878,-0.17771608721527493
config_002155,0.2615924579396062,0.22381585857478753,0.09162274849415752
config_002156,0.017663973580329784,-0.07617907247334799,-0.29962712666029473
config_002157,-0.16965359451205622,-0.13534729977344254,0.28516667234144905
config_002158,-0.08616341843194794,-0.15433955892855114,-0.17185389021020456
config_002159,0.2251049545863399,-0.27114564754606313,-0.055518173095025186
config_002160,0.21647529461850684,-0.1608290452295479,0.2074995452125074
config_002161,0.12148795434531318,-0.2477432501247762,0.08620335083007113
config_002162,0.024779133965167677,0.10898085364604926,-0.04947064022961972
config_002163,-0.2957383614942169,-0.18102050443942347,-0.024985018203948384
config_002164,0.19946531622906521,0.12735806847497905,-0.1747983213323086
config_002165,0.08786069125013424,-0.17360542893943812,-0.23012186432185666
config_002166,-0.03202569845052594,0.0010537357789558444,-0.16823198696209424
config_002167,-0.23574453119778327,-0.21493213560498964,0.05613449801778625
config_002168,0.2422234098766302,0.09565361937064759,-0.12533147244868562
config_002169,0.0046033763490279656,0.07378643653493788,0.08300254033100579
config_002170,-0.2380118789995733,-0.1671542417545774,0.062097334074140864
config_002171,0.13979342461740885,0.09351609550026557,0.03774992320423598
config_002172,0.13687426224556848,0.1193723691983562,0.09485219440791132
config_002173,-0.049751089567741436,0.2474754241799843,-0.13149258825810908
config_002174,0.14672667074077406,0.17481389540470776,-0.12141014889503238
config_002175,0.2677899001132302,-0.1701418555717519,0.22349914855115766
config_002176,-0.14028991985302322,0.13891693949236728,-0.06264515515037142
config_002177,-0.06421996195618376,0.18340811430717935,0.21618782878692072
config_002178,0.2982494028236428,-0.28229252920317377,-0.06883789335204321
config_002179,-0.11745436882128538,-0.136312584888506,0.17578159812192545
config_002180,0.02487248708339468,-0.2623392047326121,0.12059549674857539
config_002181,0.16928939128687004,-0.09065313364995725,-0.2338902702259198
config_002182,-0.08822353779664943,0.14934573650242594,-0.05735087630228569
config_002183,0.18697918949946207,-0.11769059280441871,-0.18723279152165734
config_002184,-0.26180143973974485,0.1209137816585591,0.2983382916498732
config_002185,-0.21581651857051276,0.0558054988653196,-0.18607011797626904
config_002186,-0.10688083866326045,-0.14011133174979232,0.013040976435785445
config_002187,0.14288609886859688,0.06674394430426511,-0.24842675162662944
config_002188,-0.16036645618585704,-0.011887964732902379,-0.042342971105402416
config_002189,0.1329302649218767,-0.2626304701809186,0.008419967822918428
config_002190,-0.06334147661633482,-0.28666390224419186,0.2765997355398509
config_002191,0.1490621615466899,-0.06176920649121903,-0.2693291021420602
config_002192,-0.11193645069312125,0.07754313778410138,-0.15879694000615166
config_002193,0.11137507701373356,-0.17693812923669636,0.11681278015546559
config_002194,0.09454688858712346,-0.20317909047663485,0.22836485916779709
config_002195,-0.046976310171498004,-0.01386824340743692,0.0782027421721157
config_002196,0.11222704510688492,-0.11955353254704795,-0.07822664196064552
config_002197,0.1323336667481983,-0.2269772368491454,0.25513290795566773
config_002198,0.21340141912650185,-0.07439602599681061,0.14878264075011577
config_002199,-0.057681798738482865,0.2344399013239083,-0.23073708552727396
config_002200,0.07277429847109218,-0.19547404400424984,0.12244525407671009
config_002201,-0.19934750032560017,0.00634082341096498,0.05124287043174458
config_002202,0.08400745505228024,0.03170501416659505,0.15923074619864414
config_002203,-0.1302609369411178,0.004035323977598593,-0.10427504269845816
config_002204,0.009036107197343768,-0.002254643294633263,0.20627287668996358
config_002205,-0.15702038830698073,0.25622537071408885,0.10428278607262426
config_002206,0.09461159459887492,0.2399236865134951,-0.017595249674192792
config_002207,0.2174259483752981,0.23097276207432343,0.2822404069756979
config_002208,-0.03559710092173385,-0.008817092446687824,-0.2557786823160415
config_002209,-0.2746772099169266,-0.2624725512752004,0.2257321834077754
config_002210,-0.07270909858424587,-0.12410952093669203,0.1603429185229744
config_002211,0.02257751267927388,-0.24735672974692566,-0.0853056217656262
config_002212,0.2568060401897189,0.2846064409519407,-0.16977463434202436
config_002213,-0.0006397881643788184,-0.2891976727820664,0.2840865412827735
config_002214,0.07508627228205494,0.07286884884830969,-0.14480830889652577
config_002215,0.23043256836622344,0.2497688688816611,-0.20597107638176027
config_002216,0.18934167117777906,0.1955182263227065,-0.24672010368710823
config_002217,-0.08231496809570649,0.1849501545596961,-0.03851205920699985
config_002218,-0.14842590582974827,-0.03988727888452359,0.09617911027550075
config_002219,-0.21471461618267995,0.24794249905287086,0.24159155260389126
config_002220,0.11314562655055072,0.24405362924250423,0.15448451522326795
config_002221,-0.2873993217263551,0.14178000949519054,-0.04435408360814247
config_002222,-0.01612932323179883,0.22805467934370455,0.1099106068898853
config_002223,0.06736432330760034,-0.24647570019190665,0.003342090895184169
config_002224,0.2625151006945177,-0.23781903939079785,-0.06727932678034756
config_002225,-0.12429475664089273,0.04412150636402079,0.23881906847189843
config_002226,0.155893145438537,-0.16265299499920044,-0.2798388865331927
config_002227,-0.1782060560749396,-0.2511935832488496,-0.09208906657842247
config_002228,0.25017657426865164,-0.08426616105072404,0.18996663581877393
config_002229,0.04415862279862692,-0.17600750216619906,-0.2598960370475809
config_002230,0.1269576905651334,-0.26399755879681513,0.16154320309781595
config_002231,0.1673664094614402,0.23146313970424676,-0.00016523583374999928
config_002232,-0.2900779732776662,0.11698627236206027,-0.01247273154705969
config_002233,0.07625973570945088,-0.2572457770078392,-0.2076446474421082
config_002234,-0.2100405393701617,-0.25618268402671734,0.003354866168341464
config_002235,0.008902562857801222,-0.14759658519631316,0.13062510781961562
config_002236,0.07627689540318672,0.08237793910702074,0.11952849911933167
config_002237,-0.2692624990327313,0.1450297521873481,-0.013721983551783445
config_002238,-0.15435540220121355,-0.024645905854943417,0.11720955560658713
config_002239,0.12254799149354301,0.28713038675939934,0.22201829816297763
config_002240,0.23196569494825797,-0.0112465044614517,-0.15959716789659395
config_002241,0.057707178439107054,-0.2702533832266548,0.041281112483494864
config_002242,0.1849583521338934,-0.19109356428420765,0.18927481945443753
config_002243,0.274637373927019,-0.19327386210406372,0.2348501220990286
config_002244,0.1936672826704844,-0.035706421408578215,-0.11217529633700113
config_002245,0.12369475186294315,0.26672933874037846,-0.12299643641087832
config_002246,0.21407713038293402,0.25525489090737424,-0.19400432596080272
config_002247,-0.04944354553093311,-0.20577642566465476,-0.027426281773593464
config_002248,-0.0627578004578308,-0.11781800728080402,0.15107797605970102
config_002249,0.1700443696682104,-0.001947188133301192,-0.07463695734823483
config_002250,0.2564670603758636,0.24254043049326296,-0.07619258999973613
config_002251,-0.26809282011708807,0.27789756887167144,0.27687306579393195
config_002252,0.27030649975591786,-0.1706580550093619,-0.01122966316937718
config_002253,0.2987030149889956,-0.11310883448593367,0.14866788575998702
config_002254,0.11403459402686944,-0.06027675720289058,0.061642576296196905
config_002255,-0.13618537239218179,-0.19246745029115553,0.2668959836051001
config_002256,0.08886631223895852,-0.2268485276267019,-0.23978453471143737
config_002257,-0.2230493644009564,-0.07251055652494093,0.20354259056469043
config_002258,0.25206664706864573,-0.2607399470342853,0.006630527452215762
config_002259,0.04621531327625189,0.14199619801008584,0.21396189387251024
config_002260,-0.1297473856860982,0.2836303928942476,0.2388102321955619
config_002261,-0.12084727246312071,0.24900009580329735,-0.29552926146083514
config_002262,0.0073014270909435575,0.18633730080359118,0.2522580633095031
config_002263,0.044159583738495656,-0.16744176755169163,-0.29357371233119034
config_002264,-0.09202714985311161,0.05969708134649582,0.17277510175191307
config_002265,-0.13505997316082502,-0.12842420373722296,-0.05571257769448379
config_002266,-0.26103366765770847,0.13905753068038323,-0.094235083675316
config_002267,0.2951786357203899,-0.001538351164729168,-0.0530477493050584
config_002268,0.14832149150680662,0.14382005867010605,0.24945683043181593
config_002269,0.02607464428039108,0.13177191052639703,0.059137559603419376
config_002270,0.17766176702355496,-0.15721252446562653,0.13364224424172177
config_002271,-0.11704922938160639,0.24915424146559356,0.008710996376175284
config_002272,0.17036486743460577,-0.0525082038836413,0.24553982773929645
config_002273,-0.11894518629905304,-0.0003836685589759803,-0.29750290372601496
config_002274,-0.05378660194195725,-0.2972808033169274,-0.2557582015238886
config_002275,-0.106785561126228,-0.07255425341133295,0.21609437743917065
config_002276,0.18985043595688073,0.23604969078635046,-0.00512689036199826
config_002277,-0.13229621141939057,0.260271331077438,0.2118342263202732
config_002278,-0.015554968359961396,-0.2610731088181607,0.20607966162103458
config_002279,0.2676419365894089,0.11909977590175669,0.0898536273977607
config_002280,0.019445794587955312,0.28727897193334745,0.20969969720453124
config_002281,-0.17965407939506167,-0.03693216601265964,0.08853864387074256
config_002282,0.09846677595991793,-0.2283890293848882,-0.10093412141627406
config_002283,0.11278802713837943,0.04886973055953109,0.26753028118061967
config_002284,0.2654286108431109,-0.059816382476513774,0.19985692846170827
config_002285,0.18592024067363228,-0.2560607598669899,0.04083726513966779
config_002286,-0.058536341684673754,-0.2981236948313794,0.2986851850951568
config_002287,-0.14777332567982024,-0.0098767019536527,0.08328967059629178
config_002288,-0.28739164351955904,0.0763395007398116,-0.1343560918229576
config_002289,0.07446141501307385,0.26891641805871175,-0.10798374839402533
config_002290,0.2757010514854112,0.2045121829146324,-0.27684538116104257
config_002291,-0.08163585046914615,0.16906613499870315,0.05449019272537298
config_002292,0.17230692422445099,0.05264957319951735,-0.0019367393040879977
config_002293,-0.18554517005441293,0.05811673157107633,-0.11524703135559813
config_002294,0.1397281239739646,-0.21361199657826496,-0.2393351302571176
config_002295,-0.07544267822530662,0.012349791949656463,0.018354204910804528
config_002296,0.03081341775154256,0.05103967269083176,-0.2744214833987371
config_002297,0.25330644928822604,-0.020940118578237132,0.1735410811623324
config_002298,-0.17622357980090475,0.28442924115351337,0.1162264323450013
config_002299,0.2749858506485387,-0.2977018721431454,0.20252268576281657
config_002300,-0.18521020506915625,-0.24901582188774196,-0.22234356573670344
config_002301,0.17754712854757593,-0.28837379986660533,0.07052134418564515
config_002302,-0.29806835338452703,0.0764603234781972,0.22182517709606914
config_002303,-0.16945568050228355,0.29002267580237723,0.036988636408228914
config_002304,0.29134222735111165,0.055161064448420505,0.20176921958077526
config_002305,0.26834883695083506,0.0979369112524443,0.15750890519114813
config_002306,-0.05849045171672118,0.02864247704755979,-0.21407424351556667
config_002307,0.2958042197330348,0.16286252113059807,0.14690477222558657
config_002308,0.2805733978337445,0.2054712621143347,-0.1837886634001664
config_002309,0.10487789362675554,0.11879366953341686,0.08921809820896837
config_002310,-0.1468783767015828,-0.009339098985524319,0.23657463317073874
config_002311,0.12418911723807907,0.004512007342682367,0.13487620555592628
config_002312,-0.22315049822196914,-0.01110625185605707,0.2540102952796524
config_002313,0.15848205863150694,0.08292990821423535,0.2149202900404526
config_002314,0.09142531672511567,0.016902119977625585,0.0939981553950458
config_002315,0.26336713680451124,0.05350992820462552,0.18317458392957897
config_002316,-0.28881656987802856,-0.14985257288411505,0.23459037594306026
config_002317,-0.23328895434786528,0.18541897367013122,0.2119788816431279
config_002318,-0.11051179959173599,0.2358422276328372,-0.2463277723670007
config_002319,0.23543985870678336,0.1055862402702561,-0.20293564657453617
config_002320,0.012717105190675204,0.25616680422889376,0.031933443435905096
config_002321,0.20624155843063557,-0.15746938275357927,0.20750357174895612
config_002322,-0.016449425799454687,0.19982365484740833,-0.12330208183973787
config_002323,0.1493465047009379,-0.19137340438444791,-0.1044630449344334
config_002324,0.12374411645657568,0.14094881892479422,-0.25250432180814825
config_002325,0.03402801542245959,-0.2518629100524713,0.1835449091057486
config_002326,0.08301306815096432,0.25737335421569846,0.18241676786347877
config_002327,-0.2451619553495136,0.17658016845861446,0.17360911409152607
config_002328,-0.24879861697662775,0.24226682984024855,-0.07099032955452564
config_002329,-0.04968216956524979,-0.2406810755700702,-0.18178322114952872
config_002330,0.22177619768676332,-0.2241712369392569,-0.12309325173753394
config_002331,0.06796152201940703,-0.2000140902253329,0.13616904304022726
config_002332,-0.15980984781889107,-0.14279229748128475,-0.09471498423175054
config_002333,0.012921689060865937,-0.2923987586577837,0.2930458132996631
config_002334,-0.29269060347629294,-0.16628182336663735,0.07358861651305237
config_002335,0.1302297561521426,0.2874384273600196,-0.14195808207853897
config_002336,0.2615557542144548,0.21593103983061085,0.14443385765159616
config_002337,0.0667124410253167,-0.14781670779630585,-0.2484257646203355
config_002338,0.14605459805114274,0.12003099496819081,-0.20814183520863
config_002339,-0.2876706414160343,0.2983229067541759,0.29214096061773326
config_002340,-0.21826471985669701,0.0194393117623074,0.2483347816026819
config_002341,0.14510753601789794,-0.2132804802657779,0.25051522406559285
config_002342,0.13254723397964518,-0.0019476460578655708,-0.11798033091877239
config_002343,0.04676868609054646,0.20944940366344306,-0.07707023363351209
config_002344,0.23167177948033252,0.03026527675794899,0.1564844802162349
config_002345,0.10539024099994276,-0.06736523495067107,-0.2256240500207498
config_002346,0.01943381879330086,0.05928501690799948,0.26179247027885516
config_002347,-0.06297672222691764,0.16490248141142666,0.29517648484250575
config_002348,0.28067022703890293,0.2930434190652527,-0.18517978043015534
config_002349,-0.2450770042185149,-0.24698740464572827,-0.21548077853010103
config_002350,-0.06822759784174151,0.2607817194052798,-0.2343468050393765
config_002351,0.2549726119661539,0.2026539411476645,0.07187746229580655
config_002352,0.18067408516271177,-0.10609952749080853,-0.1883713983731978
config_002353,0.2980666841170208,-0.0255619989844863,0.2669135216227437
config_002354,-0.19036375838206418,-0.03930829798132407,0.17509038481098516
config_002355,0.24983534706737204,-0.158562144315786,0.11002935399462466
config_002356,-0.056408515008126325,0.12847424198875335,-0.28638426005086887
config_002357,0.025505462661488343,0.13415726515503146,0.08920168130097722
config_002358,-0.14679915029840027,-0.14069493053543394,-0.1404553608423014
config_002359,-0.13030472831960502,-0.10130179431880237,-0.2673824286016017
config_002360,-0.22363619163248538,0.021918777776392784,0.014487189686562651
config_002361,-0.24288031178641903,0.129466773795961,0.12235734043533186
config_002362,0.26796185815146206,-0.000917398804231695,0.13802175020144108
config_002363,0.135540336694768,0.14285697406114173,0.17790628338772035
config_002364,0.253987793849106,-0.16823351637134434,-0.28881261235883554
config_002365,-0.18495022116023352,-0.019125427957011665,0.2884558307316187
config_002366,-0.10911858323691151,-0.03633395592849098,0.04805746881671924
config_002367,-0.03088158795595819,-0.23847961940239873,-0.0887704636283464
config_002368,0.12837431575826547,0.06214263134071468,0.06851349057208861
config_002369,-0.195710566297494,-0.22968750852917358,-0.06555285823598833
config_002370,0.280046053641752,0.13816907638012238,0.08270986428491023
config_002371,-0.14696411611263818,-0.20433037702996998,0.06164028603874916
config_002372,0.2560274159404861,-0.23125069103861146,0.19417649768173367
config_002373,-0.0940862700020346,0.22465626454823012,-0.22504010801053817
config_002374,-0.08880671374328772,0.008599203394222654,0.25885729085262305
config_002375,-0.19943491464434643,-0.1710897501659157,-0.2768433697780714
config_002376,0.11265373373918819,0.01208242569087098,0.25603207603808725
config_002377,-0.20273968575815524,0.24241196972679696,0.004384230675161027
config_002378,0.0979665196247228,-0.27041143617341507,-0.23782016065188163
config_002379,-0.004603084065361529,-0.20830185085634784,0.192624313899462
config_002380,-0.1220708403566452,0.04565937184855512,0.023600826475348557
config_002381,0.053080597508880334,-0.13910325288377373,0.053773932138706126
config_002382,0.1429030391845983,0.22136190627691726,0.2557097071257583
config_002383,0.16531569330060297,-0.1656057653972978,0.10010872828736445
config_002384,0.18866171167096252,0.15591680909180738,-0.2480443414651723
config_002385,-0.1857015685442644,0.0838459538655073,0.0039576278741038085
config_002386,0.17380860081581045,0.22622815567764437,0.1285874679228084
config_002387,0.16522984085970582,-0.19310976935102997,0.04362468639528144
config_002388,0.1952176080112325,0.22201683740549655,-0.17012513507658986
config_002389,-0.27517502772589125,0.2723424506247219,-0.14799919235838768
config_002390,-0.18034840509833372,0.1538024623488723,0.12348918707437728
config_002391,0.027303191716270048,0.15114278306350132,0.02044597033013401
config_002392,0.20993744566965072,0.25214751092140203,-0.17739218106290994
config_002393,0.0969203273180651,0.0598400145844753,-0.20368373414884228
config_002394,0.16724923873177144,-0.10397423122094543,-0.0830422243303385
config_002395,-0.006071543484970354,0.09114463337924622,0.026694865039386617
config_002396,0.25594520813561167,0.2063406277809599,0.1585377080735047
config_002397,-0.26100299182706577,0.05455765631097487,0.1476476555434994
config_002398,-0.19089396496576447,0.15674566475594692,-0.11222215426070759
config_002399,-0.28532710633930186,-0.13254065811832488,-0.13163122602140082
config_002400,-0.26279300123192323,-0.03334752465877605,-0.21338506803361157
config_002401,-0.2569132926683032,0.17088220876467436,-0.1767284024506952
config_002402,-0.16253758464773455,-0.03436720571531093,0.07588494141877589
config_002403,-0.1543707059301533,-0.1779278754623675,0.14297658312381956
config_002404,0.27023779436579237,0.0041916871727553096,-0.10477961198146135
config_002405,0.081174671185758,0.06493865307067348,0.20052105818037386
config_002406,-0.024935688021100633,0.004756730061737657,0.2772589478964597
config_002407,-0.24720291374401449,0.17348168515504997,0.2429917264309805
config_002408,0.15478969149890753,-0.017218400225897268,0.11476000645133377
config_002409,-0.11767763051303451,0.11924610428902371,-0.29971071198747595
config_002410,0.11701081581107653,0.010439843776620439,0.1440324232513029
config_002411,0.14834087411706698,-0.25612591125699724,0.09852583394778869
config_002412,0.0588547904044453,0.035753457552353596,0.2266652582907968
config_002413,-0.06691092983153873,-0.1321135839056263,-0.14309277247842206
config_002414,0.20865405579341106,0.22895875382877945,0.2289080799696061
config_002415,0.10315480183338033,0.005781616879780571,-0.0038283061711514854
config_002416,0.00905878939393634,-0.2402879548994793,-0.2104941953027536
config_002417,0.06352292345452915,0.09641796308100903,0.0624487442534849
config_002418,0.28256876613111975,-0.07971249221875551,0.09269069257734663
config_002419,-0.11641956509402873,0.24089352335740272,0.12223066683339256
config_002420,0.10468229972256438,0.029086849406195825,-0.09582062473758796
config_002421,-0.29624665898445096,-0.053282679024663104,-0.13032392009628474
config_002422,-0.2724447049142684,-0.12880840321016357,0.031889294455550776
config_002423,-0.19503935663392413,0.11532557955237599,-0.0071357580351223415
config_002424,0.17592160427312342,-0.23708915775050493,-0.23509986505398817
config_002425,-0.1313172766206257,0.01474448704336756,-0.10830346772765556
config_002426,0.013126614523238045,0.23195467551505872,-0.07679001570162433
config_002427,0.11422043641092694,-0.2006170966642887,0.21920561493450347
config_002428,-0.027343747003498287,0.23186412749171809,0.09547177563060771
config_002429,-0.05901908646003981,0.07091073661597386,0.06964199420760558
config_002430,0.17699691684725233,0.22222401708064604,-0.22013072718243307
config_002431,-0.2922631620467199,0.19949090594736524,-0.03342282737615754
config_002432,-0.03772278595190509,-0.22570198955253962,0.28477154386613474
config_002433,-0.19811206274107657,0.15891497035591068,-0.2717078626503911
config_002434,-0.014790110501052556,-0.02753077875321641,0.07682393194029846
config_002435,0.22468515350924284,-0.17998128737052932,-0.21515302138304282
config_002436,-0.22215584130243565,0.17579909643606612,0.1538709095352953
config_002437,0.14094473937264695,0.14135539039718065,-0.14327910550712722
config_002438,-0.22732602065347904,-0.03758870790679236,0.05655383717881601
config_002439,-0.03409602875322809,0.15544663161589467,-0.2693107292540812
config_002440,-0.08631674711803589,0.22723144595467487,-0.12186010804833539
config_002441,0.1158933350598973,-0.06260399829517158,-0.052005564904915286
config_002442,-0.26566608935715835,0.2049992382889167,-0.14780206562509587
config_002443,0.04416064147321341,0.27433689904255615,0.21432579929561607
config_002444,-0.2526662965453293,-0.27619098568891437,-0.20804459413571919
config_002445,-0.028218205906086147,-0.16479202470112606,0.02556075849029693
config_002446,0.06004167492013829,-0.14209753523084748,0.11861849006361769
config_002447,0.08195008925794522,0.1685262939412454,-0.2485655837867734
config_002448,-0.04667693406655887,0.13073020250694534,0.2567628710986118
config_002449,-0.045988388355285126,-0.1125934809164815,0.00758151252613104
config_002450,0.1901970867823794,-0.01685595096302156,0.2621503783847649
config_002451,-0.28654836979800596,0.06963460391306209,0.28264917443364673
config_002452,0.10381399506761696,-0.25204569455092973,-0.1209793936079237
config_002453,0.04700929751250699,-0.07606693445668389,-0.176229532907141
config_002454,0.08734550878653885,0.06354741824647964,0.11294354810278806
config_002455,0.22163838675178155,0.23732640080499395,-0.08337441217742922
config_002456,-0.17901547910830293,0.2542203800162122,-0.28692900164640656
config_002457,-0.21296708746388365,0.17606407260227575,0.007981655148552147
config_002458,0.03421468224641899,-0.2811720094053279,0.07178059794033387
config_002459,-0.24856482350953799,-0.11902620306670944,-0.23962622115993126
config_002460,-0.029516057285850772,-0.06789411404899531,0.050177518064218496
config_002461,0.1286881380184282,0.2599520261679477,-0.26686247191209805
config_002462,0.13501326309822287,-0.2375383980909849,0.1699874192227513
config_002463,0.02464662070298207,0.0698911366764225,0.1743196479872896
config_002464,0.17878654354429951,-0.01986242462403648,0.1988224572384094
config_002465,-0.13101355228078806,0.15361098056100847,-0.10819356070625633
config_002466,-0.12896111934247714,-0.08563360763677433,-0.19924884530737696
config_002467,-0.2999002518518977,0.28577780884021325,-0.1489003435545049
config_002468,-0.18444622240443137,-0.006366523036990868,0.1709179362649358
config_002469,0.2558955584518144,-0.22243993649989036,0.25799574137695885
config_002470,0.08041386185236321,-0.10242120279132863,-0.0637980566676043
config_002471,0.01739402540118279,-0.06607727603086005,0.19420929355649014
config_002472,-0.16282990972956984,0.2645240045359733,-0.2250799116821544
config_002473,-0.13976853717495283,0.2765223330508518,0.22721395568577557
config_002474,-0.1209388800542989,0.025159575322797,-0.25650839769056766
config_002475,0.08840445031511396,-0.04625660989592878,0.12304185579561949
config_002476,0.20288565972128764,0.054629957553878505,-0.1936689689889493
config_002477,0.24335362909368113,-0.08839355477507807,0.053137665303524984
config_002478,0.18100096585733522,0.005674115931036172,0.1940430754313313
config_002479,-0.25898745518220684,0.2858956867138958,0.16504972740309315
config_002480,-0.283919877905247,-0.10729711415244111,0.2863653712959284
config_002481,-0.223424065167912,-0.2243263028765333,0.22893688488160208
config_002482,0.2620163773380008,-0.1468838143559545,-0.2446103283594103
config_002483,-0.06810607519137779,0.19559794305974282,-0.05435363403850074
config_002484,0.026521164251227858,0.06295607780479373,-0.29604217819455986
config_002485,-0.2613015071877967,0.08499066843883579,0.07403067697405197
config_002486,0.12272407978241595,-0.25631617016811525,0.24066264472400006
config_002487,0.15072193429245806,-0.2654555735891816,-0.23102306338207312
config_002488,0.015350248454464643,0.15899132782878128,-0.25582451331247963
config_002489,0.03470468812285321,-0.25950345810493614,0.0807982942475699
config_002490,-0.1754179098675865,0.2472135978619014,-0.15213953260484758
config_002491,0.16150920010620007,0.06968708411604607,0.04739005274627628
config_002492,-0.2860052982393851,-0.10936428621678157,0.08310001744852535
config_002493,0.19436702652759352,-0.12843521685062234,-0.18389461110731609
config_002494,0.181163371049951,-0.12118906353809095,0.03007584608234931
config_002495,-0.21596762989440121,0.27070672771957055,-0.09049822020834483
config_002496,0.1394172512427323,0.21042963593066005,-0.06634479593450282
config_002497,0.18658634364948035,0.03527175942222488,-0.25765550121594966
config_002498,0.19970087962615984,-0.009199697433503073,-0.2503314472440214
config_002499,-0.039234297276122876,-0.25230094117444435,-0.03277003743592094
config_002500,0.17585113465576674,-0.10014829264531486,-0.21590590465661996
config_002501,0.010017894348411716,-0.17050366970994105,-0.15549854604687316
config_002502,0.2699193686925579,-0.24166681542201218,-0.011655414624450244
config_002503,-0.06270509202764582,0.2941777482793158,-0.013631068872320296
config_002504,0.05456668982373436,-0.1957500696169708,0.1714498016397072
config_002505,0.048289382670670344,-0.1374489549168734,0.11778829238165911
config_002506,-0.14241537870463397,-0.20876142831098074,-0.003438515494489258
config_002507,0.06637750414787513,-0.0028674539145866484,-0.09399503770760345
config_002508,-0.16250769457236883,0.1558226956764444,0.27885685757420403
config_002509,-0.11620084219725038,0.020650120162800323,-0.24016901633423102
config_002510,0.24582276193103575,-0.14581047492289753,-0.18501204356905218
config_002511,0.13266131647814133,-0.03698111315826397,-0.25297178183105334
config_002512,0.14131666535529958,-0.06776118262026631,-0.14847430540828224
config_002513,-0.20452544080484203,0.18129881249059487,-0.127459954720393
config_002514,0.24769808452955716,-0.18691606715670112,0.11896588839534805
config_002515,-0.09669632038161954,-0.24175692433032026,-0.2723611397621114
config_002516,0.0037759929434044714,-0.24265108468011376,-0.06932135493590402
config_002517,0.17181986606819155,0.02778134940816701,-0.27888775816698735
config_002518,0.14430707018979638,0.08827969787941192,0.204648196933301
config_002519,0.1752571564562821,-0.07757038314436768,-0.21951433094560002
config_002520,0.26666467354430096,-0.27636935559631803,-0.28339503447357484
config_002521,-0.27775831264290024,-0.02959008769862642,-0.21603904355588055
config_002522,0.17717108475230692,-0.14856932812898666,0.08250969928080082
config_002523,0.27522500989267723,0.1237660618006835,-0.22503052096815987
config_002524,0.011054959594354097,-0.0766509161957504,-0.16592161016647958
config_002525,-0.013360267395973402,0.2758812445118279,-0.20431788484151692
config_002526,-0.12978520979618602,-0.15401223557987684,-0.15007274743130597
config_002527,-0.21461688858410555,0.016328455677876552,0.08860562636958708
config_002528,-0.0734776415858566,0.17023255123949194,-0.1412829831148128
config_002529,-0.16885874709710408,-0.05861352644343881,-0.053104334183915525
config_002530,0.18245759677391293,-0.0420541251906304,0.21773654946629079
config_002531,0.10126548066678959,0.2737915026903734,0.0334420064690053
config_002532,-0.0984444840624808,-0.1532513778434575,0.2950488611467776
config_002533,-0.2749696235466467,0.060967135532074834,0.27078810192880204
config_002534,-0.11438722270674581,0.11185853537352786,0.08363197834291347
config_002535,-0.14706309837607615,-0.02297226935046548,-0.27745648265185446
config_002536,-0.2367266591708966,0.0582463568131803,-0.1634759114932257
config_002537,-0.2504505418634639,0.1348987569463762,0.1738990981668087
config_002538,0.11535918826263664,0.12233622919819725,-0.21363131964103788
config_002539,0.28455610072468335,0.006056178713841509,-0.1603182983867512
config_002540,-0.27846170447637414,0.007644735580313866,0.29297210934068624
config_002541,0.12761348458564808,0.10921297208458625,0.15140982572237077
config_002542,-0.23594605820594455,-0.2897120150019142,-0.2278283827401082
config_002543,-0.187430552932075,-0.22248424356349866,-0.07883615271372321
config_002544,0.13932976051349683,-0.23362967126235734,-0.22138343603003183
config_002545,-0.08528974868017392,0.18790825318357052,-0.01286200152188266
config_002546,-0.2674759375919487,0.205316925347988,0.11588496673966386
config_002547,-0.0411840481252459,-0.03133798789221981,0.15258144158614284
config_002548,-0.008210292740045977,-0.06942616814357153,-0.27177014425573837
config_002549,-0.23722382841487105,0.11019363229075718,0.11526653125945069
config_002550,0.2610665105398197,-0.17490652949229196,0.11831606157506996
config_002551,-0.016478666110222806,0.27175584508379763,-0.12241212726694456
config_002552,0.008186277264004949,-0.2929711057911932,0.0162601790260945
config_002553,0.10458431355988396,0.14972029897469896,0.03735470071619257
config_002554,0.07958257548687486,0.22610038949043015,-0.19849570474018474
config_002555,0.07323040686734533,0.29989321005725605,-0.0065003236346956594
config_002556,-0.20937595559322003,-0.17756200211463477,0.2975270817685524
config_002557,-0.26637698523563985,0.2992463015423628,-0.14203085188865117
config_002558,0.09900403465516072,-0.2629095290558274,-0.25581940323604335
config_002559,0.13493957282809488,0.1432430279313368,-0.259227762284543
config_002560,-0.16507944275286782,-0.17830196771354478,0.15229239106031262
config_002561,0.2969580892504296,0.17220061137968884,0.16641004696674228
config_002562,-0.01678187581037599,-0.07580321737730061,0.2072394787440917
config_002563,0.0006739812122382172,0.09030535194616324,-0.21707510068530966
config_002564,0.29770950251711487,0.22349657026248132,0.14963502654000138
config_002565,0.022182340878827422,0.13958428586587468,0.23258950778643445
config_002566,0.21317564515579562,0.18691246785314458,0.23170490743645783
config_002567,0.17121294879316723,0.08754685902362641,-0.03320745658902963
config_002568,-0.06069402303767804,0.2947194479961868,0.21127066663949484
config_002569,-0.08270154397186344,-0.23598349886182174,0.2751796005093378
config_002570,-0.099022552915351,-0.06766013090646075,-0.13850006897299577
config_002571,0.0397766797685451,-0.08614661684937877,-0.10072253865613526
config_002572,0.05979773186508891,-0.13500735193173072,0.21440533495188469
config_002573,0.028854297988029964,0.23633899973547873,-0.1669065172741158
config_002574,-0.016784216259664864,-0.11785509325967536,-0.053510688493369346
config_002575,0.015717270983914844,-0.13797342849547625,-0.07254575001797237
config_002576,0.1561424508269874,-0.209378852312341,-0.21374527667444615
config_002577,0.17453945237681734,-0.19987434449832972,-0.17248754752426368
config_002578,-0.1703200430074764,0.10359153066744403,0.062025983943145235
config_002579,-0.27454542224252576,0.14829918974869766,-0.25349106861486526
config_002580,0.12581740457154,-0.009486176220445453,-0.2703566884178132
config_002581,-0.1413679376489638,-0.06722596020615534,-0.0206464477015067
config_002582,-0.17692749153744064,-0.21641261565710446,0.2582450302568869
config_002583,-0.08492317846892475,0.1845885098561974,-0.15311494391301936
config_002584,-0.14220885766735258,-0.03699701004874173,0.21417473012700622
config_002585,0.29928455775141244,0.20159411838020852,-0.18725944098499725
config_002586,-0.2019491589461701,-0.018893740175126406,0.03080248839106181
config_002587,0.1372930865722486,-0.26942341592808294,0.11451423813686867
config_002588,-0.12804715704058858,-0.0732154295141961,-0.25909909335214226
config_002589,-0.29078181780800344,0.23346405407096243,0.1357944111575446
config_002590,0.14351715260742226,-0.13032080388491912,-0.0015754979380646628
config_002591,-0.02111762467102274,0.16317564587844408,-0.14209789380172774
config_002592,-0.056121055724441815,0.042381652640195,0.17432511637228676
config_002593,-0.2902993431267403,-0.296263016171588,0.02973198508379815
config_002594,0.29901034937765375,-0.09715882796407163,0.2362197352333047
config_002595,-0.26833322435088364,0.1950885081358818,0.188299651496024
config_002596,0.1056002953125944,0.19505572813075456,-0.2160898258637076
config_002597,0.15368463317923314,0.2911211321996933,0.02766874601200775
config_002598,-0.22705291866457772,-0.07907537222134126,0.003326440146386833
config_002599,0.1253584657664258,0.11725822974525668,-0.03847358933900863
config_002600,-0.19396587479259186,-0.1598610566005252,-0.16562519222675134
config_002601,0.09958599657160172,0.2436411741441858,-0.13291023769957483
config_002602,-0.25721861963850595,0.023940657926803943,-0.03211228584996312
config_002603,-0.1606989995124906,-0.036609032774528205,-0.27566388378737705
config_002604,0.17694195589545086,-0.0634582125298579,-0.15928319618474038
config_002605,-0.09117449014936979,-0.28141367315082405,0.0764504560972068
config_002606,0.09455853013498206,-0.22332297569240128,-0.17507904466874966
config_002607,-0.163424305207762,0.13053719529481134,0.08688135249252049
config_002608,-0.17933895340813552,0.2902024161605466,-0.04120163523243853
config_002609,-0.10808435782385459,-0.24814912885804452,-0.03935566786159117
config_002610,0.1231877556293896,-0.12543385993530556,-0.13179162556592242
config_002611,0.04857177747625402,0.2236769549937096,0.15803244688638135
config_002612,0.21904044459605027,-0.22293199248258716,0.15903737528900647
config_002613,-0.007376962517354868,0.09093164190880854,-0.13158531841237386
config_002614,0.2313841357152186,-0.2954204788605755,-0.1357307608449995
config_002615,-0.035289251915473274,0.01899258835719797,-0.21297476643496005
config_002616,-0.04725841408836989,-0.08340050765982679,0.012542966154226065
config_002617,-0.015518342169239974,-0.2831717153085641,-0.17998920871178242
config_002618,-0.05209803280749717,-0.19727913524170348,0.2332470262903979
config_002619,-0.09297084648172346,-0.19813035797592213,-0.09738751693113987
config_002620,0.2208536301754646,0.006020180016197363,0.12281311002187212
config_002621,-0.12967670336755713,-0.29151628582611805,0.062315193546896186
config_002622,-0.23350048567769577,0.18432779096407848,0.1196929784637587
config_002623,0.28444367383293373,-0.15405419287583336,-0.23825475033771512
config_002624,0.07984621390543434,-0.21892913747819695,-0.29943511361456804
config_002625,-0.08552281560485231,-0.07055319458831891,0.2955078859618466
config_002626,0.0022917090285812236,-0.1521401925474628,0.1874885424055009
config_002627,-0.13724776961476295,0.13404895568647718,-0.262450703257133
config_002628,0.05931258463854494,0.11525176556008676,-0.26502459675608586
config_002629,-0.2798138598805547,0.10233830902509611,0.06226979076188949
config_002630,0.06010409523489463,0.08215531070698506,-0.2378163877671536
config_002631,0.25078382702912766,-0.1472459370530952,-0.11179502542941394
config_002632,-0.13854535347466762,0.0588404996930158,-0.13232128739088697
config_002633,0.07534636656915944,-0.29388237849157134,-0.00727552171474688
config_002634,-0.14513041183712366,-0.03671811788727497,-0.29652521166817614
config_002635,-0.2355246256259318,0.20332325395931666,0.07632218333392149
config_002636,-0.1495088278036963,-0.14194149283541524,0.019057516231400617
config_002637,0.009625899521430836,0.11243736935593557,0.17469696651195138
config_002638,0.09633683066022547,-0.03750435386856199,0.06321687677652121
config_002639,-0.09627983008238586,-0.10994596366368375,-0.24925094234162218
config_002640,-0.09539097658546405,-0.18375830616407268,-0.16432547183258386
config_002641,0.1313635833687905,0.15104764913258606,-0.2342671528552847
config_002642,-0.2458045300938765,0.1104506960515928,0.053582629677849436
config_002643,-0.2182519900995965,-0.2743823860324331,0.0981910673511257
config_002644,-0.042042122166378926,-0.18550641092034453,-0.24304775632889422
config_002645,0.17228405856605122,-0.21206958159908657,0.2062170347443057
config_002646,0.17509115416996068,0.11357982014925466,0.09868528890939948
config_002647,0.2178342396794835,-0.11836654135360572,0.2868465719196058
config_002648,-0.21287128050264137,-0.2971363052590254,-0.035213454358578755
config_002649,-0.05604465406371298,-0.165026761091194,-0.24941210003722747
config_002650,-0.0022343235407801254,-0.014502172556947857,-0.17764672118729602
config_002651,0.09094056214840812,0.14220194785603835,-0.08436193714387913
config_002652,-0.19428260967951694,0.14306520744255685,0.10956188371149084
config_002653,0.17969764379076297,-0.2492913164750884,0.06611178298510739
config_002654,0.2818450193748538,-0.09221389800724009,-0.09352274200382696
config_002655,-0.19319591700319144,0.14177579864322454,-0.19316265828363866
config_002656,-0.06929982948738339,-0.05386027548743427,-0.2538194830248689
config_002657,-0.14294980278245475,-0.2896522084754219,0.003569869052285457
config_002658,0.12761124073286856,0.13002674645713713,0.19446904603806092
config_002659,0.13101733527871184,-0.0797711721975537,-0.15261125300824532
config_002660,0.09466731794006228,0.2379896499018383,0.01968641453604264
config_002661,-0.008824260828680153,-0.07951267481982285,0.274622706674926
config_002662,-0.014014802196086418,0.23138577548466072,-0.12680779411343107
config_002663,-0.18166652969173214,-0.20406087282618976,0.06316832182594312
config_002664,0.034975079542528764,-0.23712452575773663,-0.1640073551507148
config_002665,0.11089457136557579,0.05149988080439949,0.128308000501349
config_002666,0.1671681993870051,-0.18463015055679582,-0.29998198815716876
config_002667,-0.07108295319453248,0.09522068712967335,0.275429801773549
config_002668,-0.17335271256855514,0.06106592576171743,-0.1964708640649745
config_002669,-0.27213725481072515,0.18156987267733282,-0.09646458298765082
config_002670,0.22194911569319892,-0.10854380769912336,0.2746041167564513
config_002671,-0.2393562602804301,-0.2454897957967664,0.19648275258935033
config_002672,0.1421252833652042,-0.2594416735444284,0.21277954324792242
config_002673,-0.2283169239580894,-0.2605800065287129,-0.19578305022282746
config_002674,0.05310308881063808,-0.1299759809711434,-0.017032542104391257
config_002675,-0.12090399490214157,0.03832337764405441,0.09873943479838532
config_002676,-0.1918152205201617,-0.06790538509652175,-0.03396426382789974
config_002677,0.2813086615651658,-0.15023191584490456,-0.028590857565161665
config_002678,0.07475212802057218,-0.1302533564451324,0.12634360647116777
config_002679,0.26551015221436186,0.03790690068419433,0.07611515617895692
config_002680,-0.1135115810242773,0.22249858588900945,-0.1783404568576683
config_002681,-0.15261651890203962,0.014678271326041048,-0.06617867706753239
config_002682,0.2073358201462548,0.27879985466223395,0.11849298895319643
config_002683,0.04568510012330118,0.06544119058129105,0.09778441813977468
config_002684,-0.19139920785208975,-0.2510348663541853,-0.09774214961053826
config_002685,-0.05756681895992097,0.03761079886138957,-0.24065968239097899
config_002686,0.1071702346440414,-0.148028612618236,0.04834046891495203
config_002687,0.02820663446490901,0.07029013953050062,-0.06539095488741326
config_002688,-0.025232650112734567,0.15465566361958,0.11458321960084694
config_002689,-0.17838379467087306,-0.191538094618632,0.05539321164928768
config_002690,0.2116949837402003,-0.05094265951218485,0.18595551584207642
config_002691,-0.07368718863626833,0.13954324094127546,-0.2529464779713039
config_002692,0.14174572479366687,-0.007906383199391742,0.13680283265886412
config_002693,0.0455298373652398,-0.0019132265565156015,0.16443921597858618
config_002694,-0.18529873927236268,0.08058717456225073,0.21665833065196421
config_002695,0.01890471560648066,-0.27802722914266176,-0.09210742130603594
config_002696,-0.11696525063701954,-0.15710922894659077,-0.0956309610169446
config_002697,-0.27412072461258247,0.09375129322501169,-0.20773791006601722
config_002698,-0.2606441265361437,0.1440331323408044,0.21181264499701163
config_002699,-0.033733323754685296,0.2737236917321159,0.24019394361318996
config_002700,-0.13095593510161213,-0.027616303686867405,0.10887985175802783
config_002701,0.2885995253619273,-0.034182047453998554,0.138907001905275
config_002702,-0.033673579332573866,-0.23115795834098313,0.2305179866288391
config_002703,-0.15284216270317977,0.1000035943689665,0.014425818120051892
config_002704,0.025560771753103284,0.19442894060882848,-0.10118679919637183
config_002705,0.059134390153318006,0.2741439881430405,-0.2595296279822032
config_002706,-0.2510128264225349,0.04175180189892308,-0.28312871380239074
config_002707,-0.13557120880060505,-0.24536186012147673,-0.27886217428139726
config_002708,0.060580360776160136,0.12888450842516752,0.15347052342216555
config_002709,-0.1429856728779361,-0.10521268834593839,-0.07352006137814299
config_002710,-0.145356702745259,-0.1498539914447436,0.0891920808660992
config_002711,-0.16394208146466763,0.06740015026848062,-0.22603366953416548
config_002712,-0.11425725457870275,0.16967401445495833,-0.2141385212280021
config_002713,-0.06605622417418311,-0.2559822812946683,0.21496106869527404
config_002714,0.14624401897676226,0.24094800595980354,0.18169932940476963
config_002715,0.19117136030986942,0.09303788605854085,0.19489031938222945
config_002716,0.04184096043475072,-0.15575682453950887,-0.19467005256980263
config_002717,-0.2821151652864587,-0.17887722654245886,-0.2762781824440421
config_002718,0.24054398718535824,-0.24178765119962667,-0.07720879625330282
config_002719,-0.01814495355901935,0.08687215122430736,-0.13802775268430337
config_002720,-0.0607451866776873,-0.04633788935871108,-0.29292799675385095
config_002721,-0.03181883872376856,0.2721451557999706,0.046869901731585284
config_002722,0.1431859125445749,0.2592188086222636,-0.21425911136852777
config_002723,-0.19640510113771545,0.17792618454854175,0.07426807087127019
config_002724,0.006666849175937517,0.14410021685848629,-0.20003524521487898
config_002725,0.21667530427211507,-0.25043790303151553,-0.03984505061372884
config_002726,0.2008746443896719,-0.008944474714233153,0.11283584378352796
config_002727,0.07442248001415819,-0.10061686816841611,0.2969525245036268
config_002728,0.053215815179780024,0.16914492200233627,0.13980572777169098
config_002729,0.1429595845424675,-0.15235907479073393,-0.08512615319217201
config_002730,-0.1882071842712486,-0.04293732478645973,0.28774636556203564
config_002731,0.24274925001566178,-0.2559017967303313,-0.02705067944603723
config_002732,0.19857226157938584,0.04989199256524235,0.1891916897655353
config_002733,-0.042406168162341495,-0.2878405267865311,-0.26423147909464345
config_002734,-0.28149480663346416,0.20317497023530823,0.23756096048931524
config_002735,-0.23146918086672646,-0.2954331125717733,-0.008416941761999974
config_002736,0.1397007418642704,0.1701006329572856,-0.06680348003042608
config_002737,0.1547464898116156,-0.008219902184926298,-0.12601613967210176
config_002738,-0.09216340245505827,0.17268847026246442,0.0710125312449531
config_002739,-0.23069506546512786,0.1794201488641347,0.26868127488907806
config_002740,-0.2569803303613803,0.08841956444338983,-0.2712173867306153
config_002741,-0.07734475712591493,-0.12433759091532101,0.10540685564220292
config_002742,-0.0798901578644948,0.06678476784055348,-0.16106681289873934
config_002743,-0.08936340693695236,0.2194410499679303,0.2063202549327336
config_002744,-0.21355909708274928,-0.14207650232114613,0.046876467112884956
config_002745,0.042810089553166175,-0.2560168542002562,-0.13829252898018748
config_002746,0.16044983375437488,-0.05275093750393872,-0.216486801297999
config_002747,-0.006165922331560825,-0.20513663159239287,0.21017638764702345
config_002748,0.10304380027674914,0.19506497697413405,-0.24568180432872128
config_002749,0.20956328677685016,-0.1326258449911841,0.06438350451268887
config_002750,0.07148631738111816,-0.10155535270008331,-0.061252589791787215
config_002751,-0.22515096458205708,-0.20239750696540054,-0.26774081161319785
config_002752,0.2665199581504178,-0.09456546369937882,-0.18281359060685162
config_002753,-0.2634413705647354,-0.13312234403848464,0.008501122154112917
config_002754,-0.21453216864429198,-0.13079136767637659,-0.1773630020753083
config_002755,-0.1016558580176379,-0.12986907422010222,-0.03429734132080048
config_002756,-0.014551095390970548,0.19297982338169212,-0.23379635540362226
config_002757,0.10863023941551525,-0.03064589908656401,0.2708560043433463
config_002758,-0.1195624885089348,0.23158606891973615,-0.12512614515902912
config_002759,0.20592285080721723,0.04000313485956292,0.13385409759840078
config_002760,-0.2063401449715091,-0.26055868289202105,0.018309968118061404
config_002761,-0.14769437755320292,0.18329113663283908,0.25533180215397805
config_002762,0.06016620011512053,-0.18740936394986457,-0.17354323979703917
config_002763,0.13816301085128702,0.2863916518983763,0.28703562878946026
config_002764,0.011976319671851254,0.2688912797514467,-0.13319731459283174
config_002765,-0.2706197771390891,-0.2745732814908514,0.08778735887513034
config_002766,-0.094688042591006,-0.10600675883813801,-0.026466866978052284
config_002767,-0.27659234173902814,-0.24506707503985536,0.161914172826771
config_002768,-0.21707414367448075,0.14910697020397784,-0.04777927473771809
config_002769,0.13936080985276922,0.18237086672592967,0.07798407278552849
config_002770,0.29930481966409067,-0.172010934366505,-0.1300459938573816
config_002771,-0.10373769453201057,-0.03669973643500002,-0.163937981533703
config_002772,0.141450113192294,-0.2940628028187702,0.2781632801608486
config_002773,0.1313064821218814,-0.276388702090922,-0.036622467955746085
config_002774,0.017560089220904906,-0.15324735254520006,0.2943271400343696
config_002775,0.21313110331634438,0.08466757230868421,-0.09252941756945807
config_002776,0.17325592416768815,-0.2245349084322511,-0.047686200900767695
config_002777,-0.23242924104937968,-0.07155478566723575,0.1153697473225952
config_002778,-0.14419256480316936,-0.19946466904980714,0.04639867124690056
config_002779,0.07640546783671409,-0.19749822307485648,-0.20144650030117525
config_002780,0.18421517226448458,-0.15984026035263948,-0.09846211608243222
config_002781,0.056021919028832856,-0.1277938887161967,-0.08817428310004605
config_002782,-0.1778284121617767,-0.14246674846230853,0.018272525317512556
config_002783,-0.23915161681115327,0.2338669431781613,0.11127538716552793
config_002784,0.17692928536821406,0.27467628574288366,0.2565320832887292
config_002785,-0.20591592300372386,-0.17075605199522967,0.24631490110116833
config_002786,0.01904717079961693,0.28491995972306544,0.009504541917107812
config_002787,-0.1878013634443022,0.07691668786164518,-0.11367101658601755
config_002788,-0.028394591555785997,-0.1454931299128312,0.14061437043192615
config_002789,-0.25168836795148236,-0.020406809311991403,0.12118088963092216
config_002790,-0.16612111110194067,-0.025651058257732506,-0.2071701377554211
config_002791,0.024292186832414464,-0.29507966933785973,-0.0950797490181231
config_002792,0.07970575549122927,0.2967774297665556,-0.09833500866733744
config_002793,0.2319057687908505,-0.2609726579203818,0.17769878825029223
config_002794,-0.06419969360805178,-0.2596859590690159,0.0042070741729049455
config_002795,-0.00025254000802632515,0.29165662629502814,-0.2715761405503595
config_002796,-0.271930697028357,0.1012594189335479,-0.18501002830909935
config_002797,-0.09166258959955495,0.2070094622430067,0.0328445752385666
config_002798,-0.20474410967533094,-0.12287814277759238,0.17637130455126138
config_002799,-0.18038165538186124,0.04611196482762969,0.19043042316072745
config_002800,-0.23538913282953094,-0.2669127945007796,0.14628598872032061
config_002801,0.17409509760655595,0.08987686954746149,-0.11521082414303105
config_002802,0.12074401191038231,0.2975818822542234,-0.2956829527123823
config_002803,-0.19461158821858493,-0.2979282907217174,0.22230997963966564
config_002804,0.19548533182925515,0.26483475653426186,-0.21998243904616632
config_002805,0.23204199741370396,-0.29612193093986255,-0.2694726630631173
config_002806,-0.08187970699677696,0.0612311960437259,0.16312602356222583
config_002807,0.15819372239346363,0.03141341073911613,-0.21006233587402517
config_002808,-0.21479785215119085,-0.17443376487809079,0.23227786965649083
config_002809,-0.16176788874938444,-0.22874311901102817,-0.27894202210069785
config_002810,-0.00786715024387119,-0.07527537144228671,0.2864167076670788
config_002811,-0.08197150516708487,-0.2467742142941012,-0.18679664476964658
config_002812,0.20933127285469827,0.2879657793636971,0.09234547939803944
config_002813,-0.18701064175412063,-0.2838398836284984,-0.2601588890937299
config_002814,0.13873496726403872,0.0954502253973385,0.19154287630066807
config_002815,0.051902451515502435,-0.2779690161785525,0.059042588303349464
config_002816,-0.17514790398664642,-0.1335650684200769,0.25658180982079054
config_002817,0.014202819156237778,-0.16958998999484093,0.19645412662777295
config_002818,-0.2890839938733452,-0.23801994683018654,-0.2335766857108883
config_002819,-0.2887173673670163,0.18653872732066323,0.15320930677088684
config_002820,0.27776269953693994,0.06011887837142704,-0.014344965307082513
config_002821,0.11458869311683562,-0.2784982895092074,0.20370441899641895
config_002822,0.19139972522943044,0.10516333798261412,-0.17670638844240094
config_002823,0.23652304618159697,-0.18590841206408248,0.22423496346976396
config_002824,-0.11361889211807455,-0.167857916775965,-0.14169558565840237
config_002825,-0.08862406259361322,0.2040482543387347,-0.2554803403678646
config_002826,-0.22849686022328658,-0.19016953319040958,-0.043637195444980625
config_002827,0.28830518379191167,0.22294610260067477,-0.11548555364557703
config_002828,0.2887487952923414,-0.04458078097239826,-0.07477750345070994
config_002829,-0.19488471595817497,0.18544949902941,0.06578877211138429
config_002830,0.21021281598272384,0.08107458353421243,-0.1853410627272944
config_002831,-0.23795610814174983,0.20440745431701418,0.2569339717033375
config_002832,-0.11814157052355093,0.12152110855230314,-0.0011985135526940138
config_002833,-0.22672366146980635,0.17656017222753162,-0.27755004999811483
config_002834,-0.06778535894254112,-0.23880271969858036,-0.21855185181492603
config_002835,-0.060422371887952186,-0.10195954865553442,0.19841721710008914
config_002836,0.1240656800113108,-0.06225097639177077,-0.16187841997555708
config_002837,-0.14161173866818755,0.25109105896992484,0.28711662294499535
config_002838,0.19411584183754116,-0.010370379321296141,-0.1499784397006261
config_002839,-0.09598970080357125,0.04208179705352061,0.0830262031553417
config_002840,0.2582081827342528,0.2514081907729953,-0.07711220563884785
config_002841,0.014209763484835491,-0.17798666427954324,0.006013667616258489
config_002842,-0.003989822767342943,-0.061427160259151625,-0.04918208006506175
config_002843,-0.011201634464206633,-0.1203070969902939,0.02081403006499488
config_002844,0.17245099967718464,0.014505679003773198,-0.29540916738921796
config_002845,0.06950378279110303,0.21569930285889,0.018561517897964785
config_002846,-0.026618940712891725,0.2351297689880279,-0.16213746000699938
config_002847,0.19570318457926378,0.21599709603867995,0.02470598707600824
config_002848,-0.2809095508424241,0.2666806374493134,-0.2996037967827882
config_002849,-0.22134684929028367,-0.20242041091054236,-0.20342319606116382
config_002850,0.2857683132517737,-0.2986425468088499,0.1982741769568162
config_002851,0.08459705651119603,-0.11059045098853332,-0.1883133421149945
config_002852,0.035169388376969146,0.1784891828303528,0.09486473971392462
config_002853,-0.09327944848149305,0.08030442893645673,-0.018188103317562765
config_002854,0.06756280126103381,-0.22557772698812914,0.1330955203971244
config_002855,-0.23286852906528654,0.14698121608037445,0.13907598341910177
config_002856,-0.11915768239030664,0.23904931199888707,-0.08796932094255203
config_002857,0.26382823872030264,-0.1807370505817176,-0.2770583679183934
config_002858,-0.201716842904327,0.032766937594582324,-0.06067214489620837
config_002859,0.20352456371538347,0.24351794646091135,0.07160000154038249
config_002860,0.13436194404558932,0.10595214802347264,0.2537636960303596
config_002861,-0.2736974363016284,0.04300487367437961,0.10408356156223497
config_002862,-0.14916191687814176,-0.2326388914241898,-0.17593859613115037
config_002863,0.1668322306252451,0.1782206691790023,-0.11995038711453312
config_002864,0.20446084969031225,0.18015643584563495,0.29764971735771545
config_002865,0.09006698258206336,0.0649305716117447,-0.03406649183041349
config_002866,-0.26877877267819145,-0.0187616768786798,-0.09050545716130026
config_002867,-0.18478737920083427,-0.005915824778743306,-0.16489804220998958
config_002868,0.2322423089608044,0.03411073597481473,-0.1219417463793395
config_002869,-0.09157668384020992,0.24936646413165425,-0.1823122162965009
config_002870,0.11068810515273408,0.18898682746385098,0.003935565382765627
config_002871,-0.1114429000081498,0.06143184246701511,0.054016819358101265
config_002872,0.24684986657882751,0.21448993133117517,-0.028214566547152098
config_002873,0.08594159757385439,0.13616570461599542,0.059500270758976403
config_002874,0.25712635155080293,0.057463651394039306,0.10990065901107754
config_002875,0.22963989581449068,0.19956867596058403,-0.10326015517553958
config_002876,0.17957536182845024,-0.20573909184600037,-0.276035554460608
config_002877,0.1917836600214673,0.1066663842985699,0.21702834574140745
config_002878,0.01705681352221755,0.23983290400201313,0.1771655939603789
config_002879,-0.0942187179648252,-0.007848048197971413,-0.08109176001753551
config_002880,0.017719147259130485,-0.03575565106575679,0.25592714592295945
config_002881,-0.1420441756312503,-0.2572424129282695,0.22804992627618653
config_002882,-0.19136877144828296,0.22590046429527783,0.14281170397027088
config_002883,0.2704005070686492,-0.19424144386500286,-0.17216753867567205
config_002884,0.24409784930203765,0.25670579562668355,-0.13597081102057837
config_002885,-0.027250310614113205,-0.15042696563329264,0.15321900510874154
config_002886,-0.2042972691826646,0.047557590509284486,-0.2566115075546956
config_002887,0.03125571602014282,-0.2053200721351995,-0.15198860294116495
config_002888,0.05715556182512904,-0.27754413831886,-0.23570136636989092
config_002889,-0.05633863485946064,0.19282168856325205,-0.08033753510612898
config_002890,0.010358322807345777,0.04098015091669982,0.14751699831879972
config_002891,0.12090936103354244,-0.1974223030797866,-0.28699210079472154
config_002892,-0.022895945194924383,-0.2590740643440617,0.15946701936219132
config_002893,-0.11878023033420235,0.012823306146593272,0.07978421778272415
config_002894,-0.1801432846331648,-0.2920927336183468,0.29688076316534634
config_002895,0.1436037285780144,0.2663311827136357,-0.18342902146972884
config_002896,-0.09097190623589715,0.07709128837566637,0.2819261311170546
config_002897,-0.29431396872792764,0.2588690644292602,0.10829874003464779
config_002898,0.1296409077362431,-0.26155738640041787,-0.19643092300365517
config_002899,0.212128650634482,0.11505845983294344,0.2888649168917305
config_002900,-0.08199491640746917,-0.20656498135651277,0.1371896133404421
config_002901,-0.08761820756753089,0.22885625861583753,0.2676802873456258
config_002902,0.003030102486779651,-0.13274541675289744,-0.15832425931295654
config_002903,0.22699220238740675,0.2394482121472184,-0.030107639871357672
config_002904,-0.29923599327535805,-0.015634843650715435,0.1997946384365646
config_002905,0.04858058543214033,0.14000776758979355,0.27053798555533565
config_002906,-0.17675508729594747,0.2469720414842212,-0.2887215748581595
config_002907,-0.186436981887314,-0.2127434749447581,-0.0589881818023035
config_002908,-0.1399325032495644,-0.11617811914604595,0.1520865528260485
config_002909,0.12890369117117884,0.24280035195930422,0.24322208944796692
config_002910,-0.14721904108222578,-0.20553597461722556,0.16213234752895
config_002911,0.13533522641948909,0.25484018214321175,0.2961868744128577
config_002912,0.26536805969544003,0.022254911868617056,-0.09576815388777896
config_002913,-0.0030086111617679823,-0.18507666410204954,-0.006842917561338313
config_002914,0.08630831201033112,-0.19694720558677076,0.11062150629600948
config_002915,-0.025556007506790934,0.22277684425135186,0.19841111884574286
config_002916,-0.21466718138045865,0.0663915611357665,0.016444220018107802
config_002917,0.08151463309071638,-0.29374833139640777,-0.089659261197263
config_002918,-0.23640793666661858,-0.01614366340493667,0.09097251820410113
config_002919,0.23963844047370503,-0.24669527381556366,0.12645533540569903
config_002920,-0.014496349172640588,0.07898171460508113,-0.02199294757970438
config_002921,-0.12250947324673614,-0.017508485260814777,0.06890152951822737
config_002922,0.02024671251810717,-0.0498941001557463,-0.25174929082137015
config_002923,0.11122266104925371,0.14281393828434058,-0.12352177461168018
config_002924,0.13784624536494083,-0.1846673414729063,-0.06624673873147094
config_002925,0.26873438525076204,0.26238754299946837,-0.05848669735243933
config_002926,-0.2100579243690791,-0.09891660245662726,0.20135526523134667
config_002927,-0.23366043972867373,-0.2043922096622815,-0.19136647660490264
config_002928,0.20433862085716187,-0.23043051281558186,0.0629680767416107
config_002929,-0.07327467374421837,0.2533751089195517,0.16759610451687756
config_002930,0.09991999704916354,-0.05968868579044498,0.2586741037876909
config_002931,-0.22012811152890263,-0.09436384839056222,0.28814163943435395
config_002932,-0.22151691136985185,0.0914672307676756,-0.03619605689061095
config_002933,-0.26443209434858267,0.04512601405015604,0.28657931430200306
config_002934,0.15860856026217957,0.23816212122718577,-0.24625447540000578
config_002935,-0.08325062397655764,-0.12709123445189555,-0.2551526686830348
config_002936,0.15753082468423835,0.10936690792883991,0.2892224084997835
config_002937,0.14128582740584755,-0.2073439382874313,0.08217791671228619
config_002938,-0.041668843362890506,-0.040225562762237266,-0.18137853269314264
config_002939,0.20739619357937883,-0.09411991630120978,-0.07177156479776786
config_002940,0.2633728992754443,0.0016267957431060909,0.05922079994494622
config_002941,0.15896074642843772,0.08975850519051964,0.15346459514971883
config_002942,-0.1003173960951905,0.07462650034654833,-0.11101149654232403
config_002943,-0.19857175698172275,0.0483064921962868,-0.2197379525142964
config_002944,0.27926880917198765,-0.176112520443041,0.038110675910621894
config_002945,-0.20378151806961542,-0.05436144476821175,-0.15000116849856118
config_002946,-0.20422731672261812,-0.05285980935836576,0.024654579602216453
config_002947,-0.08781369687185189,-0.16076021747692062,-0.16188832300234282
config_002948,0.21112208743917432,0.12017368611024154,-0.29259585194226884
config_002949,-0.1612623675793737,0.08297705741497174,-0.2926004639550028
config_002950,0.20593225109767405,-0.037849470973338684,-0.03728746481911449
config_002951,-0.037286612279811504,-0.06138810802708189,-0.011660279919649852
config_002952,-0.23604868037797694,0.19294778327565076,-0.280437907778785
config_002953,0.1875408032434968,0.0556652581179351,-0.17433665233830667
config_002954,0.11068911053875397,-0.010936966471521758,0.18524457027091934
config_002955,-0.18761950373289416,0.2821168837768388,0.020208762959739723
config_002956,-0.07749598275953751,-0.14183920712199138,0.2719772389239528
config_002957,-0.06763337542415873,-0.2601353129600724,-0.13603151648884623
config_002958,0.2648334157402273,0.28050325005339655,0.11762225504982404
config_002959,0.1782644805245696,-0.25847119052559236,0.19590862032707052
config_002960,-0.007204160512114144,-0.05816566802832129,0.2406025773909926
config_002961,0.19914657605170477,0.10076595960948126,-0.03254154005775928
config_002962,0.2653143633249037,-0.18302606928470297,-0.09488512576555755
config_002963,0.16851795477378462,-0.0462180464859816,0.0003757093774881537
config_002964,-0.15037817272416878,0.045379909372871785,-0.11383119933734143
config_002965,0.261017736177329,-0.08046816959332156,0.239662132439936
config_002966,-0.1703558827670469,-0.2072143411988295,-0.05000213561771316
config_002967,0.20000364697015577,-0.2705825197012168,0.21727875819769743
config_002968,-0.03799870276609019,0.24222487499052897,-0.19251255136072914
config_002969,-0.0947481435908413,0.15842568907145876,0.2538138613370455
config_002970,-0.028910462738187037,-0.0976546813357215,0.24791104185974727
config_002971,0.1949139684847584,-0.20753528861011522,-0.2822321274143667
config_002972,0.01970840032598664,-0.030948946324110105,0.21740753167701538
config_002973,0.01564523347125435,0.03952714409395014,0.047455290430606645
config_002974,-0.033790059190445976,0.019364963462880913,-0.16759735511421653
config_002975,-0.05136775308653424,-0.15123644489799914,0.299608664101457
config_002976,0.2132705098366489,-0.07952643573437085,0.25300228144667253
config_002977,-0.29534118954181393,0.02679253052780739,-0.04679944950533971
config_002978,-0.17902667263043004,-0.039824111980974686,-0.004055864381225405
config_002979,-0.2955756654601102,0.07500417553512567,-0.2280801148924961
config_002980,-0.18778569514540497,-0.06651653566507121,0.005784911987086583
config_002981,0.24238931878504405,0.02342013045088076,0.01581202778221269
config_002982,-0.22774961896460139,0.22922536325490311,0.05949239760686609
config_002983,-0.16634735664233638,-0.24763485507013328,-0.26347663630505536
config_002984,-0.056164114337569515,-0.02516104577133116,-0.00690190348110431
config_002985,-0.2634817300825652,0.032548367344563955,0.2662511756836014
config_002986,0.08780060596837186,-0.20142718135850465,-0.2820499331319505
config_002987,0.23794452521232606,-0.17135632567253642,-0.16575521307244398
config_002988,-0.1723317600589447,-0.043186502888283185,-0.06588700907272521
config_002989,0.28967215402681473,0.13829048793252036,-0.16305999398515295
config_002990,-0.11252253811046325,0.2663502148419959,-0.03405673161514988
config_002991,-0.2684724879203453,-0.01369679800415008,-0.012434041226676684
config_002992,-0.15241077297552771,0.2587851842951044,0.15589297664632562
config_002993,0.2579853481195457,-0.2399059031827413,-0.24692790225366412
config_002994,0.0324791188048702,-0.09933289071505325,-0.2930916625436744
config_002995,0.14181197123518197,0.29789115488675527,0.2340981540526343
config_002996,0.2164014609481098,-0.18056503191491186,-0.2805447619513641
config_002997,-0.030160550584476198,0.08439647389749916,0.1000197677408638
config_002998,0.13492354571866116,-0.2258811304074293,0.06461643345020984
config_002999,-0.007346869979012016,0.24767600481919555,0.16994861909719194
config_003000,0.18462556515060724,0.17424124396044588,-0.10154220078856865
config_003001,-0.0471109974572782,-0.25779674544592374,-0.14464297225875797
config_003002,0.20314415194276797,0.18799021127479137,-0.10003629765644032
config_003003,-0.13052805745041202,0.0772694966660285,0.046412512973856956
config_003004,-0.09902559587609572,-0.08902234258924338,0.23859224118651362
config_003005,0.19608972641939942,0.2804201787627803,0.2160569637844409
config_003006,-0.1940933012096517,0.1310431096326259,0.04597241960057963
config_003007,-0.29289975280042563,0.2930279720974653,0.07220891997587708
config_003008,0.2880040199715807,-0.28114432660624267,-0.260229708655059
config_003009,-0.20817888591590772,0.2767529626384924,-0.02553493045278088
config_003010,-0.11033438346994473,0.17715204412779978,-0.22471770067241464
config_003011,-0.172312741004049,0.17293209720062747,0.0875528238827043
config_003012,0.12533689180503427,0.17029679733723663,-0.054403104830409305
config_003013,0.20429993829225163,0.11901034524549448,-0.01123866854479455
config_003014,-0.1624698544133443,0.25297764109619364,0.24366181867698983
config_003015,-0.19907121687149076,0.16148875814476082,-0.046357159820150706
config_003016,0.21592919324202847,0.05261818078391883,0.27599151936050154
config_003017,0.222097893464493,-0.0047020825631927665,-0.2699456045544159
config_003018,0.1925221447816336,0.1262723142983876,0.06856674662793355
config_003019,0.05203995172662945,-0.12078878359657164,-0.07041201030009064
config_003020,-0.18386684587839525,-0.06975524401911232,-0.24475087020378158
config_003021,-0.20947506770877639,-0.28547282994885764,-0.13691748261030387
config_003022,-0.07286287851294004,-0.12593985527612284,0.2175971725201366
config_003023,-0.08602567266687827,-0.09879060746222537,0.25025834617975423
config_003024,-0.20897563970675503,-0.05721144055461755,-0.1733089289025359
config_003025,-0.21682193016370188,-0.12197515763693823,-0.0578414948132249
config_003026,-0.24742292744527059,-0.28068960506173807,0.14914124291173375
config_003027,0.08585552617525938,-0.26034051000061537,-0.2811501579196105
config_003028,-0.2846921399866576,-0.06808008866700216,-0.19613750708996835
config_003029,0.1370984397113692,0.050034968895176,0.17858052429753657
config_003030,-0.0027377975501064467,-0.1244676785641178,-0.27170274570099123
config_003031,-0.2897553039872215,0.20540780396166552,0.2255010683590592
config_003032,0.22213206895743126,-0.1873894602650544,-0.02085156880105521
config_003033,0.275898479569551,-0.26013239379925435,0.005045611802576011
config_003034,-0.07576709809793619,-0.11732250717769185,0.04228453401486115
config_003035,0.20102566639858094,-0.16156839833640205,-0.1426144346374418
config_003036,-0.05978558624154148,0.012345330430175605,0.026145826301587183
config_003037,0.007953556684138552,-0.20296887513662443,-0.12242929964788293
config_003038,0.26211833767800446,-0.22409500422320816,-0.1543487801881835
config_003039,0.2568493222500687,0.1638791866042844,-0.020238220327277956
config_003040,-0.2977246087056321,-0.00601516090844012,-0.16495248478094607
config_003041,0.11001398640710874,0.24489844935550115,-0.03802727681349777
config_003042,-0.25170038998435473,0.09908396509227801,-0.08605712964125914
config_003043,0.2521028989528343,0.1847767217141742,0.2990286877959754
config_003044,0.2608688091840044,0.29218953948952825,0.05596569381340677
config_003045,-0.010386560064971406,0.007465808616897718,0.14249430991180728
config_003046,0.15159441395489714,0.10823239122064765,-0.07050759107169194
config_003047,0.21851553182342937,0.2152186127095687,-0.03957236286923277
config_003048,-0.01989985714402709,-0.28532340150582775,0.17338946787082954
config_003049,-0.2496013881274394,-0.08353040325152003,0.008436374763291232
config_003050,0.05670876434154326,0.0815875056293709,-0.1688361732796753
config_003051,0.1497896532410335,0.2895301862052028,-0.0794795423361139
config_003052,0.05109300907608938,-0.014115285159212398,0.24369536427423516
config_003053,0.2867542607432873,0.0783910649977772,-0.02399449774189566
config_003054,0.11973522432966716,-0.12150043286824477,0.1979359391225961
config_003055,-0.1014479839655649,0.03685689308336265,0.05182641126818932
config_003056,0.14070981295595764,-0.26455501396423764,0.0039046034303095167
config_003057,-0.09014063929667351,-0.23605711869418472,0.11760401539492482
config_003058,-0.2866600527324887,0.20593839078830561,0.0841573390039071
config_003059,-0.02197974905556177,-0.24537777184895787,-0.19952769966762623
config_003060,-0.22918514136750534,-0.16680642220872197,0.07221954903685512
config_003061,-0.26992058228206156,-0.013600618611767312,0.28921397614978345
config_003062,-0.10499947190677894,0.2780163427986477,0.20905234384013455
config_003063,-0.17409469217558468,0.12777943094076494,-0.023121878227211123
config_003064,-0.17861432569226537,-0.1897578063876984,-0.25292103629747137
config_003065,-0.21033727369914154,-0.09213546650972018,0.020403866978580376
config_003066,0.05776458040360272,0.2615489482221523,0.22195162029107146
config_003067,0.2679087620108704,-0.13179323630171202,-0.2939027808577768
config_003068,-0.1714195968124448,-0.15615445125074165,0.06264410334187609
config_003069,-0.2508791013273047,-0.08409428515544407,-0.0103825836921137
config_003070,-0.08208256980315234,0.19257551781226978,0.18080304549158033
config_003071,0.27261963959013186,0.19599771388660275,-0.2929071206884297
config_003072,-0.04538820793200965,-0.07978944347042224,0.17621987376646492
config_003073,0.19925248128354167,-0.08755389113210674,0.1596755582894004
config_003074,-0.137738855100248,-0.15248865120126148,-0.006745084825088399
config_003075,-0.04110687242132305,-0.24127688942694986,-0.137239866126152
config_003076,-0.17340065819321202,0.18133470864419254,0.29039433733697667
config_003077,-0.12758065252865264,0.04076262542298237,-0.2915123529923209
config_003078,-0.22514016709673262,0.0098892082502412,-0.046807898123864045
config_003079,0.16201470346809566,0.057781801831652435,-0.2210581613210811
config_003080,-0.14659952127971396,-0.22081342361248785,-0.2832222567159102
config_003081,0.1424210369385963,0.0811254195068965,-0.09827370016602155
config_003082,0.28252821994693095,-0.2303905672691896,-0.029189911215563025
config_003083,0.03527165290820028,-0.2212630665379208,0.11618196733832159
config_003084,0.13998669231978317,0.10235227984023093,-0.23178854847507646
config_003085,0.14032595752138122,-0.298119188998261,-0.08054171966966364
config_003086,0.29478102935118417,-0.07294296689590646,-0.20579126859301822
config_003087,0.2776016393526802,-0.08275991948738018,0.11275287494752928
config_003088,-0.191487145162856,-0.24225075816506556,-0.07956657750886234
config_003089,0.0954178736027087,-0.14683380590028308,0.245870470633671
config_003090,-0.03721204798926603,-0.05709151143833474,0.13819863372696706
config_003091,-0.09414056354060593,0.17157680899545913,-0.08377093810549052
config_003092,0.10199289694184815,0.06970752426028243,0.27952103128693334
config_003093,0.16272173572575327,-0.1200165159149719,0.01358579251648423
config_003094,-0.2736809328473149,0.09088138951490798,-0.0716175715159017
config_003095,0.09686201747975376,-0.23843685928708103,-0.07709662244528898
config_003096,-0.03809870062820392,-0.023635167314877192,0.08849797001681492
config_003097,-0.2677767461802261,0.12518209823592868,-0.1289836974593544
config_003098,0.0535319046811209,0.1409739451991106,-0.19279115438409578
config_003099,-0.24825893558019665,-0.17605963564306104,-0.043486183201984885
config_003100,0.19553245824675708,0.10546996280096904,-0.2047559568626569
config_003101,-0.022429197966921388,-0.013508926875144989,0.20315944724473006
config_003102,-0.21805266959871183,-0.17851244882314926,-0.2640301123017383
config_003103,0.0334503634348266,-0.06418618835553308,0.22414566168313438
config_003104,0.12174293731394892,-0.26043094922078447,0.10791813935607764
config_003105,0.17111990142384698,-0.08498391729745006,-0.08232589802697773
config_003106,-0.11959122615906717,0.024906906186903055,0.29523260123109146
config_003107,-0.27517139358107784,0.2570656537989103,-0.2757077505011978
config_003108,0.15420419175202588,-0.17292961630876721,-0.034833340046753536
config_003109,-0.05713489483733117,0.057361884930620055,-0.18934032837746115
config_003110,-0.15156161147601505,-0.15986460901594854,-0.2091502085037897
config_003111,-0.1400056527125516,0.19869928284149496,-0.020042956028928915
config_003112,0.02827615184470178,-0.2425666823523112,0.19198376311733872
config_003113,-0.06776733064660101,-0.2584278543876161,-0.010396613295378054
config_003114,-0.043570923762573655,-0.16451264527722187,0.2754532603550675
config_003115,-0.12480428901490387,0.24277005751692943,0.0035854826173025156
config_003116,-0.21013708013470755,0.10206282060575878,0.23264147668054175
config_003117,0.02338301593296571,-0.037287628237583414,-0.0789606008763864
config_003118,0.24913038086573186,0.004576600595759206,-0.16596845139059233
config_003119,0.027142701233128896,0.26506225119023824,0.17879602157405772
config_003120,-0.09735396741793803,-0.147128419233268,0.03798109919698267
config_003121,-0.021857117488071398,0.08523809634554513,0.16352246621497601
config_003122,0.0804097633325187,-0.23613641557934273,-0.10590730396119385
config_003123,-0.21912303209149525,0.14079118594603274,0.10672192765955257
config_003124,-0.11726328154332755,0.20321716931191475,-0.05342052517176546
config_003125,0.09648359350235958,-0.27758765463535445,0.2225865562559644
config_003126,-0.024923306057270334,-0.2761373663079458,0.11017079246449663
config_003127,0.19090895758216958,0.007676755096541699,0.17729599196504658
config_003128,-0.1633719564954208,-0.21047546504902598,0.16171137625280657
config_003129,-0.0280076834520932,0.08937911477841859,0.14842476927913
config_003130,0.019810772312856162,-0.2562754236023554,0.05159401853828327
config_003131,-0.10437422383134579,0.1355198723841584,-0.1980228365844942
config_003132,0.06182103036238468,-0.276359972224233,-0.18482226111653896
config_003133,-0.15131851781500205,0.2744889552260216,-0.19401090071511246
config_003134,0.04306148535261245,0.2873374834981612,0.2322888034447767
config_003135,0.0010828093070095468,-0.11365581609556197,0.09820046260328785
config_003136,0.07585554948032486,-0.15543581864076808,0.009690565818068375
config_003137,0.07916727582373961,0.22923614507324502,-0.17293443126810365
config_003138,-0.2254920621898469,-0.16296639238497446,-0.22209131634094464
config_003139,-0.20264626264280156,0.213667208431724,-0.2744290459645136
config_003140,0.21011544176781088,-0.2617205587547172,0.13601931505515258
config_003141,0.02102630443556136,-0.15972677434048096,0.24775008874092347
config_003142,-0.25162545722559626,-0.14643895861262932,-0.16310510186128718
config_003143,-0.21044105480885653,-0.1421213320338897,-0.01824944867055156
config_003144,0.19679977557112643,-0.21442487897588866,0.024234393274099375
config_003145,-0.17498736516518384,-0.19340795849388936,0.04908674720562667
config_003146,0.03550458565436054,0.2537998156373133,0.1167088995205261
config_003147,-0.033870804080957495,-0.224906896403931,-0.2348668168661406
config_003148,0.13513827010664153,-0.2356249413682701,-0.11451966917687867
config_003149,-0.1177905851693809,0.26654269304713424,0.23270129546456725
config_003150,-0.021481916800917877,-0.09932163317902826,-0.17396939288893412
config_003151,0.07199293759851633,-0.2894668133194055,0.00041237098526059057
config_003152,-0.2972431906606488,0.009474480529725715,0.1943831751174051
config_003153,-0.2564821363836051,0.07698063127306592,-0.09155353933435922
config_003154,-0.22054709050448362,-0.27172170539517854,0.26779273595353664
config_003155,-0.19285549502419227,-0.011029309596734538,-0.193127239946634
config_003156,-0.026727066873672434,0.005293860472781409,-0.039418651864719656
config_003157,-0.14917617313538523,-0.24082502257169114,-0.1102016783044821
config_003158,0.023151690532261848,0.25831761396094716,0.23326672062646375
config_003159,0.08577402339255319,0.08927224047037058,-0.056876571892411326
config_003160,-0.16082527221875684,-0.14310695712400104,0.24238263363536655
config_003161,0.20271728939451766,-0.19039149221281898,0.0998278400458894
config_003162,0.01644826207768313,0.13888853391067224,0.10609122236043378
config_003163,0.019509209722959386,-0.08402324339038633,-0.17883451514031665
config_003164,-0.21858712489448437,0.19864161635434374,-0.25722091261804475
config_003165,-0.16332259906739344,0.27303681480755876,0.05985379708708022
config_003166,-0.17523001225288726,0.06352468948809986,-0.18501452619852832
config_003167,0.24875533037962577,0.25629855380023153,0.018113307360683673
config_003168,0.2805575725799338,0.20362164467172178,0.2002553555294811
config_003169,0.16853295885844816,-0.19097308575998873,0.11796893348238002
config_003170,0.11280206119364122,0.22653604421497392,0.12314812879511616
config_003171,0.11142176174797741,-0.07611999821424512,-0.07659065743395277
config_003172,0.297535446088475,-0.24675108592820802,-0.03688567390373121
config_003173,0.14548346155550368,-0.008600034535435896,-0.08906516331504583
config_003174,-0.1355931834286987,0.20272167576875294,-0.06817593958208792
config_003175,0.26131685571006774,-0.14174786487253735,0.2831944892400163
config_003176,0.02813082570572345,-0.25359934714272986,-0.012077605310426565
config_003177,0.09998434452222593,0.1201047942359943,0.1001531786560374
config_003178,-0.2551739765515022,0.14419028708179848,0.025518699504188225
config_003179,0.10746965602191016,-0.08150417271316687,-0.29426698234342435
config_003180,-0.1423011250798565,0.09669607501952238,0.2970896091446941
config_003181,0.13749240519059486,-0.0600194357137907,-0.2922668685380665
config_003182,0.14337315202708845,-0.28865089050794707,-0.16584464836867654
config_003183,-0.24349493300938607,0.14235968599519344,-0.1803192061852817
config_003184,-0.19934284463910595,0.12854035734926272,0.008084361815830277
config_003185,-0.2204282084198037,-0.11868305050457864,-0.2943609955550626
config_003186,0.004188405861603461,0.13179039333667908,-0.25848881115155925
config_003187,-0.07117011864193462,0.08283775030895435,0.1323020829592162
config_003188,-0.17922362440544715,-0.0524575351309744,-0.1327864025809485
config_003189,0.289107929683231,-0.04388481551714929,0.04065195403678179
config_003190,-0.13043230483767834,0.18332722350610087,0.2715681075966267
config_003191,0.27164580158664325,-0.28636891407085596,-0.08256305799859431
config_003192,-0.2198116532908306,0.18181041828832067,0.20250582522154287
config_003193,0.17394208508817194,0.1588640056676443,0.2607299763210202
config_003194,0.08071724189045337,-0.050917465429065195,-0.09369457571312273
config_003195,0.13317212629141484,-0.06227857934679287,-0.2977392696527021
config_003196,-0.25179311260197174,0.16454425392567912,0.12368180146606145
config_003197,0.1270001577881632,-0.07476477907696866,-0.21146338472953918
config_003198,0.14493017719781653,-0.14432701093528927,0.12187836610722813
config_003199,-0.13053068605324408,0.03522760485595733,0.027904089167830548
config_003200,-0.12971116864450175,-0.02721660652135599,0.129702077161173
config_003201,-0.060385479943996595,-0.09098764334065709,0.1804067446341529
config_003202,-0.09288425776188117,0.1532051350196481,-0.055601736393311285
config_003203,0.24666123945003543,0.015188279981963204,-0.009340249101007114
config_003204,-0.111449695405861,-0.1939418397146136,0.22698226536167893
config_003205,0.04120992430951498,-0.17831001051042195,-0.2604981257892193
config_003206,-0.03684564211683172,-0.027162426411670437,0.04396683144588759
config_003207,-0.2781482718557449,0.1280220624103408,0.21813198724405053
config_003208,0.29335212085261136,0.1526300685734549,-0.19586685415168548
config_003209,0.00021357024544765846,-0.0929426085118911,-0.10575339063817116
config_003210,0.1327931335409822,-0.2464592436834836,-0.12916793528277884
config_003211,-0.2118387807948466,-0.013458885969832413,-0.20212253688955095
config_003212,-0.11025106853199027,0.13044542864438163,0.28228025711138743
config_003213,0.1295308273806891,0.005956498724959458,-0.03715057414830136
config_003214,0.002708194401796482,-0.22077116978739386,-0.18505363043652234
config_003215,0.19804399759711605,-0.16395529065521192,0.11298923058874732
config_003216,-0.0070711496680298525,-0.23335294089120656,0.22931186647654173
config_003217,0.2199836751224385,-0.07975954435788524,-0.29020227337375365
config_003218,0.22871498781282956,-0.2975795777156137,0.23778916572972947
config_003219,-0.18188132232392656,-0.15792079503697057,0.03122138949530845
config_003220,-0.018544613839539426,-0.11737180470130373,0.26646570947485065
config_003221,0.2783391806687497,-0.12416735316396749,-0.13250516121755598
config_003222,-0.012950262877097662,-0.035136731819908174,0.02801407180026033
config_003223,0.039674421671343774,0.2252244035513254,-0.0858348886694982
config_003224,-0.2058577599592682,0.281871740858924,-0.1438010272294216
config_003225,-0.12429664175964683,0.006214747298055101,-0.2365850393052698
config_003226,0.28419255068532717,-0.25413372935427686,0.24531039317797748
config_003227,-0.15731232333954273,0.2499008099972047,0.20855916980474526
config_003228,0.18234844445619658,0.2758673451266234,0.03742873541625469
config_003229,0.11716885307715713,-0.18869998184583256,-0.20587969683203783
config_003230,-0.1940558846213491,-0.23428844977653523,-0.0811934021489368
config_003231,-0.2250568169440429,-0.07440817714033413,0.19928448351789996
config_003232,0.06865814371118478,0.10002111383002837,-0.12017616864748604
config_003233,-0.2366312481116512,-0.2504181166753399,0.12121827532488061
config_003234,0.2057281948543997,-0.10871570941623868,0.20840475502210293
config_003235,0.12937536210783707,-0.16713896239503623,0.005281900177184662
config_003236,-0.024611124476119794,-0.006281900204554269,-0.27070722411990544
config_003237,-0.1929645253920072,-0.11600226168581437,-0.10756497169606918
config_003238,0.11991888756766456,-0.22104914696277184,-0.15080299952881257
config_003239,0.2085236736778034,0.1828948993735971,-0.2969693322721384
config_003240,-0.10751881000184285,-0.2864264307734523,0.02426690424671507
config_003241,-0.03274571814667915,0.16662717020976997,-0.28295144278340917
config_003242,0.2492057941377584,-0.06688812842878256,0.2604314833272556
config_003243,-0.27944798982522256,-0.1262578480303033,0.06246021770700827
config_003244,0.07454445524474679,-0.28467835597699725,-0.0762989866727865
config_003245,-0.24437578830200782,-0.19713938157919816,0.23362676589378745
config_003246,-0.08235746191981677,0.1642759742180147,0.1924587352698519
config_003247,-0.2700394088389898,-0.2571389128045701,0.0738704442720387
config_003248,-0.16480663528264036,-0.06275921187309169,-0.20867324434891038
config_003249,0.10981412444055827,-0.24111543364922838,0.11918091666174396
config_003250,0.2098614931229334,0.2291678734820744,-0.2369912924039791
config_003251,-0.11119569426150092,-0.19076426573917488,0.22147580119027593
config_003252,-0.06695735253287016,-0.29026223278910146,-0.09509494265429616
config_003253,0.014190879565917414,-0.10229478012186852,-0.22334167415362205
config_003254,-0.1379120494229457,-0.1565671502459518,0.216624090154314
config_003255,0.0824393120945156,0.02359960969026126,0.23871137894461186
config_003256,0.14717256701983383,0.28161722739848255,-0.11903634615689679
config_003257,-0.23946712398891423,-0.16859235588181523,0.08007330429215309
config_003258,0.2604749170393564,-0.14704894293397774,0.023943118989406653
config_003259,-0.0201543340570014,0.0012482070210951268,-0.2308021666460341
config_003260,-0.23927266589828455,-0.2294081335307634,0.24465026355990244
config_003261,-0.2604684079117149,0.2112536644662663,-0.08968761560932234
config_003262,-0.0870895202044836,0.040915013639715225,-0.015119306984477443
config_003263,0.24107430882217112,-0.1060568260073147,-0.044089246234180535
config_003264,-0.2030541443442252,-0.2800828498162518,0.004491077952839095
config_003265,-0.11023461192733494,-0.2521439942698977,-0.06772073306128967
config_003266,0.18529913999644426,0.22114860741306358,-0.07063701814538745
config_003267,-0.051426020197635924,0.23161592071819964,0.28960985728761496
config_003268,0.2393205264069604,-0.09698996296480267,-0.2482994168922602
config_003269,-0.26203382991854074,0.026024178990234348,-0.13452435609882815
config_003270,0.16275470927251062,0.22652934195855207,-0.028100938605056025
config_003271,0.1451414744351387,-0.09936180060231661,0.12762078655644327
config_003272,0.13654325828756675,-0.24348424588336132,0.19576946513209798
config_003273,-0.16482046011101992,0.2727756665375752,-0.07833983578475928
config_003274,0.059498688291184876,-0.1583270650330634,0.1713503097270898
config_003275,0.07260604841979579,0.20449269150443944,0.04180564057049141
config_003276,-0.03756102042532816,0.0010523368260105803,-0.23496171712449576
config_003277,0.11982806367314919,-0.06513543725866533,0.24488779761375584
config_003278,0.15403332881968596,-0.10857073987606783,-0.1456432665469979
config_003279,-0.033583385879826955,0.20826829498226945,-0.1952504124494272
config_003280,0.09604187191273461,-0.20042316722705433,0.1665975368068543
config_003281,0.0819794830762624,0.06287550516155477,-0.17457341248375932
config_003282,-0.13719669285605204,0.0899705045444652,0.13248614747547954
config_003283,0.10074168938943096,0.22284670345645025,-0.13754580717208456
config_003284,0.18676175748049706,-0.25707234293650644,0.17370327373154554
config_003285,0.06582878535894449,0.2941267662029992,0.1443603324707155
config_003286,0.019267536075093294,-0.1907286075594231,-0.09704526443656891
config_003287,0.1366937484159128,0.06705390301216269,0.09673650189033511
config_003288,0.10272655799078345,-0.20824286382565022,0.10070484885869074
config_003289,-0.2782721116834745,0.14270469173720035,0.10010082009719812
config_003290,0.16506787080850627,0.06918853805102698,-0.07592591314237343
config_003291,0.27438833968047033,0.08869958844826942,-0.15249257942795988
config_003292,-0.002375678572502038,-0.133245787115066,0.0032834077122341765
config_003293,0.06047432585296075,-0.05454908305797773,0.14486337603312555
config_003294,-0.21881060925219803,-0.10362673439856637,-0.24867722387941138
config_003295,-0.03540212074244509,-0.031311209165001075,0.21911049564415602
config_003296,-0.27757273806833993,0.15467210954522798,-0.19006827107259366
config_003297,-0.17656277026129197,0.2950284893945439,0.17744080712310045
config_003298,0.17225309816013895,-0.0625619843196876,0.2952966453385078
config_003299,-0.12428983672437774,0.08721187663402286,0.2247065179842162
config_003300,-0.091827704658098,0.10217297740959669,0.15293935623472116
config_003301,0.07905393894558421,-0.004692864365915594,-0.18652216407206218
config_003302,-0.0576537411259572,0.050663306112041395,0.23318341014207383
config_003303,0.09209238354363652,0.26684298111039856,0.24118668243107583
config_003304,0.036199968482888645,-0.04851389365990433,-0.2907228721534367
config_003305,-0.0782068028697589,-0.10330528379106163,0.12291208758020883
config_003306,-0.057759436279022275,0.2109873180482988,-0.028809493327505986
config_003307,-0.20710076751975878,0.20768057244953014,-0.08338255943113551
config_003308,0.014909807370879324,0.07987506096146396,0.0432619364310029
config_003309,0.2533454852666435,-0.057196767353494826,-0.06889243000991843
config_003310,-0.05139193680579468,0.1903831316956613,-0.29625210890136855
config_003311,-0.13628348999755147,0.2980056099142641,-0.2892897424822755
config_003312,0.21991010905352376,-0.22399972922273398,0.17139447223424126
config_003313,-0.10434364742262317,-0.25887610627815566,0.027225009088062413
config_003314,-0.0785530613048365,-0.23332261063009663,0.12599771615557498
config_003315,0.030603227999103977,0.17785590096760667,-0.28233988727493714
config_003316,0.1551492547746226,0.06379338118471384,0.07191418243502917
config_003317,0.09082782110151488,0.23326348945050374,-0.2406171574919318
config_003318,0.1458754330023706,0.26624027274376566,-0.07947690660317241
config_003319,-0.07099807017643289,0.25128185317924295,0.19898800752890683
config_003320,-0.22228926097216262,-0.17134126458724588,0.0741473376374846
config_003321,0.07774389407822091,0.09795077043964034,0.12680141142310514
config_003322,-0.1882407841271081,0.1521474739751168,-0.12200093231510359
config_003323,-0.05954155094274721,-0.06511374312458698,0.23405674237811663
config_003324,-0.2657836866595523,0.1917290485173514,0.047360296906730937
config_003325,0.24097723137775767,-0.037140977404328035,-0.04227882150549961
config_003326,-0.18241325859442054,0.24989073094208264,0.10898164261425874
config_003327,0.058594403237110126,0.12418091364685435,-0.10650477931655217
config_003328,0.09948599896232568,-0.1229549352650163,0.167508251465654
config_003329,-0.03594280985927584,0.05216162343794428,0.04271211286854126
config_003330,0.2698709766351917,-0.27667353636127845,0.03706549076637655
config_003331,-0.10420278243082792,-0.19560019046718258,-0.21861048706251907
config_003332,0.1431663240080559,0.009871774990036275,0.09925587940924047
config_003333,0.23799387217710227,0.15021021018630637,0.22662251931446414
config_003334,-0.2538546192087156,-0.09828472495474697,0.1212632774044256
config_003335,-0.08344070574172452,-0.23783852781501533,0.03298369489006414
config_003336,-0.06822718313389212,-0.1196754733971448,0.07119860451401416
config_003337,0.10654980380202861,0.2610235257580134,-0.15205448802505084
config_003338,0.06542729527109808,0.25009233392850966,0.29688547938208215
config_003339,0.007768340035208099,0.193819288305686,-0.0018394451213046281
config_003340,-0.24244478778454903,-0.15481758274499957,0.28456895312407265
config_003341,-0.245921181031876,0.08895045850028771,0.022380799019206143
config_003342,0.24572249269474716,0.11581528551156262,-0.1375385601833602
config_003343,0.035896188403699736,0.10338789171245366,0.07039133876688475
config_003344,0.29663458699870665,-0.14743862819832676,-0.15648498458058382
config_003345,0.12545979823083053,-0.17286278526404675,-0.13405425719202171
config_003346,-0.13489578560540275,0.11255555641174975,0.27223879458472783
config_003347,-0.09293220776019187,-0.26978767115660907,0.26777191286822993
config_003348,-0.08225441019628235,-0.26746422684972915,-0.16589031948444827
config_003349,-0.2712428532486882,-0.1562528844092547,-0.07415232379233952
config_003350,-0.056044579975148834,-0.09266357012116402,0.12414276201066199
config_003351,0.28006320532008083,0.015170693289948578,0.1310534978752193
config_003352,-0.014290124480666522,0.2747885231977519,0.17735477951591955
config_003353,0.2660748234922024,0.0508123348552314,0.2162469778981188
config_003354,0.18054823572913314,-0.09996407579886493,0.09008230773409004
config_003355,-0.23738160787004658,0.2958515294900462,0.22612685502963276
config_003356,-0.09035737919256703,0.29290379368298297,0.2574006797858737
config_003357,-0.010185775332014368,-0.10918281364913299,0.1695679585171257
config_003358,0.08939788064701876,0.180174652747082,-0.0940267983120131
config_003359,-0.1152211499848298,-0.26998920555279876,0.2544960503147667
config_003360,-0.08708047570467692,-0.10259554792730657,-0.134974249978719
config_003361,-0.2554398252066787,0.05458940035661641,0.08043498411579003
config_003362,-0.28941392126833054,0.2858454401178749,-0.0836084349703082
config_003363,-0.23262249703625404,-0.07195381967761513,0.11557092795251012
config_003364,-0.2454326969495153,-0.28272973217358494,0.17090881883914188
config_003365,0.0698999484094574,-0.10210813512773301,-0.28582491148742867
config_003366,0.12835963028952857,0.19178137743892198,0.17218726570228987
config_003367,-0.13619240209933595,0.13134998096789424,0.02142552712032525
config_003368,0.2343936446237534,-0.28302277946851334,0.10295654437435564
config_003369,-0.29542129834838715,0.17414273761556198,-0.055517321946707165
config_003370,0.02542946235765514,0.06276590804901544,0.2912076710534482
config_003371,-0.156909759264682,0.07008492862981008,-0.02719142610327474
config_003372,-0.14849285933792486,-0.21641278011280918,0.25524884049663904
config_003373,-0.2720168555010027,-0.03036633908918196,-0.045907373924213735
config_003374,-0.2960871450374749,0.2788826245573414,-0.26545673276834825
config_003375,-0.16304485762297902,0.12381093276286231,-0.09366142795398599
config_003376,0.09652416677335607,0.2977149735500116,0.2832220451429421
config_003377,-0.002647583088811134,-0.11128198335569914,0.2986866914226444
config_003378,-0.21519965298052565,0.22833448241100068,-0.2528080249989082
config_003379,0.15360796938873206,0.0009302434408556826,-0.025831439109274712
config_003380,0.2831394990108152,0.2645612204617433,-0.1897913724673978
config_003381,-0.22419530298319057,-0.2788919372306367,-0.11855266842707224
config_003382,0.04294168399046905,0.21552952726642666,0.23166055852285267
config_003383,0.26985133350327356,0.23757310010700855,-0.05851938347151148
config_003384,0.23573203838650741,0.235715116554076,-0.2074295174198042
config_003385,0.004635171003035898,0.12212706985929722,-0.06581119836820201
config_003386,-0.23689195981130307,0.11888003013141424,-0.26165974024124544
config_003387,-0.14362934130806018,0.15097181061634218,0.02990594140903935
config_003388,-0.003996965000096719,0.059136865271500694,-0.14530201717251473
config_003389,0.1922371894703701,-0.020128874104101524,0.2537914340058716
config_003390,0.08075918881278665,0.27550974688042723,-0.04448990210094761
config_003391,-0.26267852321544627,-0.13371134223357034,-0.1708316637415447
config_003392,-0.18214705990357227,0.07784512503301022,0.01714515361277591
config_003393,-0.2350645639098033,0.23906158722944632,-0.13988860439502013
config_003394,0.21687910078349498,-0.10591198149643824,0.17119879370246988
config_003395,-0.21550865735938696,-0.2886922541671762,-0.040190039172588565
config_003396,-0.06786785530738002,-0.24346501888654826,-0.16616575228428423
config_003397,-0.08218992992755508,-0.11168201562126445,0.061263480863707365
config_003398,-0.19372439195293173,-0.22001877206628723,-0.16302044496224422
config_003399,0.1780109159636633,0.2659174153960318,0.2094320440311775
config_003400,0.1417918054464704,0.03351480929372008,0.1093532337515154
config_003401,0.19947127047489105,-0.06015402590604857,-0.015216199575305234
config_003402,0.26458615688918047,0.199306525247131,-0.08226483694918019
config_003403,-0.10233423207483622,0.26625984785733875,0.13252889712264904
config_003404,0.043889003872765064,-0.15346710496042149,0.07599033373622921
config_003405,-0.10809140566943168,0.042831507154724835,-0.2457590819002147
config_003406,-0.10612853803872047,-0.09534569754603411,0.12131141756385588
config_003407,0.15259359177046428,0.24241570878259983,0.10971760061549307
config_003408,-0.13274086252880488,0.20607841472970062,-0.21969454546754394
config_003409,0.012178704404906648,-0.011530583015134876,-0.2945837889566046
config_003410,0.027733075159167897,-0.10382743612953696,-0.24051102269355412
config_003411,-0.008439462687170496,0.021586471082243652,0.27227439714013296
config_003412,-0.16940932763940877,0.04573743577519768,-0.008048785727835572
config_003413,0.052272583135101525,-0.19022690197342274,-0.19126632959330286
config_003414,-0.23058116372573928,-0.2823996442724674,0.20709517059527455
config_003415,-0.23267149441883217,0.2568940701259825,-0.09252855543287947
config_003416,0.09920269693602335,-0.15635706327992444,-0.15657421943378896
config_003417,-0.18535576233718537,0.0030008928013804392,-0.22118406962754206
config_003418,-0.03529172502652289,0.2929158764232223,0.27503287807152826
config_003419,-0.25832286358416046,-0.25778625189264937,0.20563868417499193
config_003420,0.04887961276868236,0.017814402971263743,-0.25549911762092786
config_003421,0.028902358917891835,-0.2472161036404574,-0.09532293119811472
config_003422,0.18157555985092955,0.25350214671448273,0.17859827873667455
config_003423,0.04553536353679788,0.22479992775969831,0.10553632579323935
config_003424,-0.23412383322750152,-0.17953201175763617,0.009779599250926585
config_003425,0.1892463763176691,0.2751278332148492,-0.16089686619303814
config_003426,-0.008552807132486906,0.29676148281185494,-0.1796409814459221
config_003427,-0.05626112993566518,0.0014984369667209174,-0.14135358262328093
config_003428,-0.14175552335318653,-0.2807534240990064,0.2764761760078805
config_003429,0.01575088402868824,0.01645488371576387,0.24393233038938794
config_003430,-0.02081595389301133,-0.23078542077566697,-0.27760183007353023
config_003431,0.26404856499819035,0.1603963821249464,0.16339013535295205
config_003432,0.08158373142299452,0.08581430557041708,-0.23532399991235925
config_003433,0.04807068409458243,-0.01758564393153611,-0.21816561026916198
config_003434,-0.04324976487000687,0.01287938055801785,-0.06050631959225064
config_003435,-0.288355894627453,0.12677047518987933,-0.26789211683237946
config_003436,-0.26657819312339653,-0.058983170238153554,-0.024563502346529542
config_003437,0.22653661031835876,-0.05574477713483683,0.007983736974928046
config_003438,0.12050893966436343,-0.024894170591904963,0.19442860291355019
config_003439,-0.054373254153186196,0.04954676915998224,-0.060962913477230624
config_003440,0.10295826491284288,0.1205483550227407,-0.13355268148762503
config_003441,-0.15089113382732092,-0.24259609863100184,-0.02955644999595275
config_003442,0.05633424452525421,0.24411645139803945,-0.010525128921243965
config_003443,-0.1653966982097191,-0.09688298121928288,0.2736411381964711
config_003444,0.15303965036512968,0.052289022476109226,-0.1487063123555404
config_003445,-0.006803691492804298,0.26723901701190406,0.24536629536013405
config_003446,0.2275768026008554,0.1477852461361524,-0.2507872524850885
config_003447,0.17273404398090875,-0.2189960461337805,0.1836842560691484
config_003448,0.05789700456517466,0.2627632853152125,0.2976286542305748
config_003449,-0.22416748912041204,-0.04967011264329002,-0.10217045907763897
config_003450,0.042983035572751904,-0.20988945935619102,0.15838837776977116
config_003451,0.23236629745470988,-0.2391894352849106,-0.28465065509877
config_003452,-0.008859877598779264,0.07457167945969301,0.21834066392973722
config_003453,0.24033036228490617,-0.20046575453894477,0.26332586106313877
config_003454,-0.07478113105683443,-0.01841730249516571,0.10154256241980708
config_003455,-0.2510232309469123,-0.20729606739973216,-0.18911966405373368
config_003456,-0.19876585220328946,0.16287534617417454,-0.024615201684099697
config_003457,-0.07755407165896477,-0.1510303821088601,0.11591641715172274
config_003458,-0.1385916725819859,-0.06553674808483942,-0.17588701683150904
config_003459,0.23060646368293775,0.02757557649936676,0.23948326371511358
config_003460,0.20844890550038192,0.1964580311099915,-0.268996676264961
config_003461,-0.05999765710634264,-0.29763291526417807,-0.03829073149821144
config_003462,0.06259322935177597,-0.1993957557126947,0.1370357173344895
config_003463,-0.21036726232100073,-0.15277398131796927,-0.056058894318247204
config_003464,-0.20490560058605412,-0.10267212531727979,-0.17087402361776385
config_003465,0.02574503567731612,0.29594967389883925,-0.018933005714971918
config_003466,0.17577918676673748,-0.06995874632986152,0.24033525601638023
config_003467,0.28456839516076554,0.207020310579005,-0.2723079148092544
config_003468,-0.20332229710091626,-0.02100782052318312,0.0387707028687142
config_003469,-0.2497679794223947,0.2006419295378195,-0.2735158727948526
config_003470,-0.2654829530524996,0.28239643133864417,-0.0031442472097272245
config_003471,-0.013919593825691856,0.21713470699303633,-0.26555967799708846
config_003472,0.12114555537936755,0.015096020460177051,0.025285268164879637
config_003473,-0.07646273443042659,-0.26306150629579267,-0.10557512945903755
config_003474,0.0682653583742851,0.19839100055598846,0.1657117079972748
config_003475,-0.18671911687036924,-0.228110823351511,0.01864701535443558
config_003476,-0.16191060388789016,0.08771545035073053,0.02977273806166647
config_003477,-0.2824285649113555,-0.1439415434887151,-0.09169545429028464
config_003478,-0.2706002502559649,0.1889950048269518,0.27896129693443644
config_003479,0.18200354608931424,-0.12485537396221513,-0.149734172170897
config_003480,-0.10267693137801984,-0.20479624299499785,-0.05620856724529347
config_003481,-0.07831767574910634,0.18374926773758,-0.10761216542837868
config_003482,-0.23425040488358922,-0.0472831375715716,-0.04211599294629759
config_003483,-0.07379483104213233,0.10469847730094561,0.15316247757555385
config_003484,-0.03228883198617377,0.21924752357244032,-0.08062588532453996
config_003485,-0.04147666791440058,-0.28446048115731953,-0.04575971920760358
config_003486,-0.2565522816179748,-0.29728146095176333,-0.18434536426436937
config_003487,-0.024236335301144607,-0.04201092849845117,0.06335121372944935
config_003488,0.06382805589305668,-0.0357765616524649,0.19491643955544324
config_003489,-0.22454434136627105,-0.15619147130155497,0.08006544493214995
config_003490,-0.1779222403478493,-0.11024343536558612,-0.2721764637120186
config_003491,0.1630204252875927,0.2056687900833531,0.08291552926245604
config_003492,-0.16593810500428255,0.27997569558812524,-0.19331436389584045
config_003493,-0.1805500124725975,0.16152545484777625,-0.15079318270785771
config_003494,-0.15357707500856502,-0.0653171532900457,0.2131738890981662
config_003495,0.24568901773185897,-0.04936847295584085,-0.1853576681712694
config_003496,0.0650282949536129,0.14117006400635335,0.007006891751284605
config_003497,-0.13593007345748578,-0.009509558473393964,-0.1708008942419509
config_003498,0.2566099257246584,-0.04504265851195699,-0.1337115043657477
config_003499,0.24596074152805197,-0.09626175669071507,-0.08794642827301485
config_003500,0.025108976164589458,-0.13069248928245075,-0.1794704292752653
config_003501,-0.10303949653458802,-0.27572495507902844,-0.19991521945504315
config_003502,-0.29446466376076913,-0.23283245726990554,0.03542004667010268
config_003503,-0.25281750457810753,-0.11592541673605292,0.2573568900570464
config_003504,0.16596457392970726,0.2825684664969909,-0.2798475993444556
config_003505,-0.19429982926593914,0.08757898049994389,0.24480124931095443
config_003506,0.220936668300392,-0.1931083212193862,-0.1334670864539051
config_003507,-0.10447504162791557,0.23960957118501774,-0.12264567713253183
config_003508,-0.17828718713630584,0.027522870675244837,-0.03934560905977236
config_003509,0.007514089289344494,0.22800854011203425,0.17749139720332757
config_003510,0.2567445953588103,0.1374590224253897,-0.10234030188666479
config_003511,0.11029879101487916,-0.061523710126829584,0.02843554053269315
config_003512,-0.101868688561877,-0.1533129241818401,-0.24315392513089595
config_003513,0.24343363694678127,-0.21683879201380923,0.24948182227580523
config_003514,0.29861862642567166,0.08395926760471267,-0.03388879382119342
config_003515,0.2189254494476201,0.2597166083636167,-0.2422714464647019
config_003516,-0.015470118181159342,-0.22157007451298388,-0.007016605762089734
config_003517,0.01933998473604348,0.013449110501008943,-0.2963098016339153
config_003518,-0.03157837851162992,-0.08048930138763083,-0.04273875386011622
config_003519,0.2750397674751934,0.20396543095202085,0.020375234487724436
config_003520,-0.05772165956847447,0.017434833042578424,-0.19531059742386436
config_003521,0.09963645624873746,-0.29539764806967644,0.11497470168733992
config_003522,-0.045685628209182816,0.21582347613058722,0.016441617349126803
config_003523,0.2601256328080191,0.019638693897978787,0.13788845039661918
config_003524,-0.10626465496731077,0.29816130823038295,0.06326581218002825
config_003525,0.22492311688422822,-0.24780024755932578,-0.27865127742735796
config_003526,-0.11995316365925587,-0.2695645157598276,-0.2693251671887071
config_003527,-0.10244938487818162,0.13946555660218285,0.24572499428286393
config_003528,-0.04208802598091882,-0.11659839615568532,-0.13120168100434318
config_003529,0.2807025589521596,-0.08566251440318495,-0.19092981779978369
config_003530,0.19427922321119961,0.2523520376062132,0.26908668586643586
config_003531,-0.09937039506716897,0.14478489635934455,-0.012757853190824675
config_003532,0.11800382732971243,0.13558034853305057,0.15070307929684018
config_003533,-0.09819382746366159,-0.29647410006814195,0.022656634220392824
config_003534,-0.19216214435440193,-0.18344033016360262,0.21178997987921183
config_003535,0.08334480016799445,-0.09008579678288556,0.17133013533508207
config_003536,-0.06737144268374412,0.08347667611233023,-0.22643259560211254
config_003537,0.25007239584797286,0.2619639211618831,0.07820114736959899
config_003538,0.028893099894124197,0.007830021564460166,-0.10535139831397519
config_003539,-0.29573141719856827,-0.1958683613578471,-0.24236707624410536
config_003540,0.025508262703464346,0.16355453197179876,0.28704214215792284
config_003541,-0.23721091076854445,-0.03248776828920796,-0.24201492879565126
config_003542,-0.04282607708719294,0.2754669320949989,0.09156380423967081
config_003543,0.13537493792767802,0.07853874356494117,-0.12428858455874223
config_003544,-0.25549624760667555,-0.14399209920194414,0.2752355601225654
config_003545,0.05837896938426157,-0.29594773220970083,0.277300342620784
config_003546,-0.21731501123409086,-0.25334610590888956,0.29490322579623235
config_003547,0.18831234074351477,-0.18867008364008472,-0.19181104041693187
config_003548,0.06928605245733266,0.09604514850367041,-0.1346934040290196
config_003549,-0.02504043976799286,-0.13989051746302933,-0.14155887261691097
config_003550,-0.10507363442558809,0.02733794751355434,-0.0433181487802306
config_003551,-0.2328530397247457,0.11557453703666515,0.12239033037218117
config_003552,-0.2755115134179516,0.1022730742561947,0.22662251915218296
config_003553,0.20002556210653027,0.08824871386378014,0.16812323573044324
config_003554,-0.24736491343266626,0.050186207317369,-0.20370142919211032
config_003555,-0.20743960545124313,0.28217287100200666,0.004741594917421599
config_003556,-0.27915337439281324,0.03169717387514209,-0.2221068865613411
config_003557,0.280982090968162,-0.008980575415800107,-0.13759827883561854
config_003558,-0.08508937325762375,-0.21086634351291997,0.07982518988229048
config_003559,0.26033920559963514,-0.07518985490608224,-0.23037557442801193
config_003560,0.08651445270639546,-0.07691221450416835,-0.07122416142550261
config_003561,0.15118549072939014,-0.1115659273847606,-0.11294368821443582
config_003562,0.15786692448056394,-0.26894436927886217,-0.186848944236782
config_003563,-0.2275896189238623,-0.08034041125822608,0.017151896988281345
config_003564,0.2632996618435593,-0.25834448718907094,-0.23984842065983525
config_003565,0.02551430962442114,-0.11758351065732975,0.23863617099668538
config_003566,0.11656376744717867,0.0646998541465621,-0.26501179425846283
config_003567,-0.029800989699043767,0.05314580716090017,-0.12438904194872943
config_003568,0.2736101205004368,-0.14997812924155632,0.22820637579478292
config_003569,-0.2526621194647007,0.0763213342708291,0.10285883344811397
config_003570,0.29292228473804344,0.2720701900202374,0.14303003785628732
config_003571,0.21503813081308515,0.1269881675899336,0.25294448109833606
config_003572,0.0838366154542633,0.15260643811328517,0.23211093266606914
config_003573,0.1473003346488625,-0.2886128932153906,0.19905854874478796
config_003574,0.2500640918333252,-0.11374565371550074,-0.1330967529365193
config_003575,0.004417410963033774,0.20808425635942968,-0.07795474462160293
config_003576,0.1013896585845977,0.05185560635380443,0.08387845241178515
config_003577,0.21481171923511316,-0.20263665542810322,-0.018387921893583847
config_003578,-0.15028598720698483,0.044466144979246336,0.02160126189519196
config_003579,0.07081401977191615,0.24841531553377255,-0.04374187542614005
config_003580,0.1621075107644222,-0.07926813465621116,-0.15790715506256295
config_003581,-0.20640034799758278,0.29189275281533206,0.19561527426249037
config_003582,0.262410510435877,-0.2494118807943301,-0.1994672654564291
config_003583,0.21962628723569227,0.07967612062114382,-0.051313354994750426
config_003584,-0.12341161648201929,-0.020386316516871228,-0.17748976994091098
config_003585,0.1769253698059049,-0.249251185954976,0.04796226538306886
config_003586,-0.15604043103963763,-0.0977201118151978,0.04553072214232312
config_003587,-0.11611692867488249,-0.021410510344747558,-0.13904668843583126
config_003588,0.23954087931857698,-0.2667413305517947,-0.18771233730726955
config_003589,-0.24272135235378572,0.1586589913483255,-0.1004964185030523
config_003590,-0.19599030639280218,-0.011272414423315946,0.059369597526981566
config_003591,0.18410744987712607,-0.10947495204538568,0.22843450889416023
config_003592,0.22845116450398023,-0.2171235325989988,0.19975117278631332
config_003593,-0.025832992748235528,-0.07388436304460327,-0.07074492906750476
config_003594,-0.14105182728452573,-0.22188264771517185,-0.09101201237389461
config_003595,-0.2540981909326342,-0.17474764479993857,0.2598637503684072
config_003596,-0.18022986688784737,-0.27190798950131506,0.0238149932113238
config_003597,0.19556673850257084,-0.23519993740409648,0.2762017470576856
config_003598,0.19644258980346962,-0.08665371039821418,-0.06076456858546225
config_003599,-0.2880738053362536,-0.030081661803935955,-0.1744536866265572
config_003600,-0.1519607928965306,0.11900921049084257,-0.12023570887172644
config_003601,0.018042456471557056,0.2321631924278615,0.23133503775774028
config_003602,0.14334271539790838,-0.11775702001042232,0.2905609417689717
config_003603,0.1461325539389018,0.146888700664284,-0.13988276296470054
config_003604,-0.16662698793615716,-0.18547443630803168,0.16197537850853028
config_003605,0.2141436615316366,-0.2947991673254559,-0.2692659038307157
config_003606,-0.05890686960841768,0.1930724634986989,0.17328411858828618
config_003607,0.07672939105420207,-0.25027112130337237,0.04181116842601912
config_003608,-0.12638604226482847,-0.016931103561954486,-0.03745188990088377
config_003609,-0.08231629086638395,0.1090918532048421,0.17128069900770299
config_003610,0.1783245650065039,-0.29223915740244605,-0.11843607303591311
config_003611,0.06780882218310313,-0.29686476238444715,-0.05333244443235405
config_003612,0.17371243210485782,0.08786160184745084,0.0842755813614609
config_003613,-0.18139897615637907,0.030149506952208693,0.2578689670463253
config_003614,0.22333568876626092,-0.2988660935157971,0.2961714137971358
config_003615,-0.17432297403451816,-0.06129477610784892,0.20681965259192164
config_003616,0.20027936802883767,0.15938040168897183,-0.2655295724742139
config_003617,-0.12543612971571858,-0.2598248230230616,0.12100794811712323
config_003618,-0.06868297406612114,0.20881091734220308,-0.048595447454604035
config_003619,0.14341423873614928,-0.24048530920547928,0.15979168880812233
config_003620,-0.12467505193062609,-0.043336070139691596,-0.27408387530845607
config_003621,0.06883888070008315,-0.018722741462303016,0.1421937998685493
config_003622,-0.08874523249511393,0.067403221511324,0.1732399192543132
config_003623,-0.02087367621661268,0.24772334584374872,-0.005768824419256469
config_003624,0.20435953462775674,-0.2962359950064005,-0.26155227338781434
config_003625,-0.23804567624007844,-0.2991908509665861,0.21964742230434037
config_003626,-0.08538341054898527,0.17520592579636762,-0.1107298454070468
config_003627,-0.190039791735926,0.2050728342131835,-0.20179584582413085
config_003628,0.07711597546315324,0.11223869385821578,0.07029304005601589
config_003629,0.2189755992867895,0.2501155772118961,-0.08960439865248823
config_003630,-0.29434902103820343,0.03698137692385112,0.046340810255221354
config_003631,-0.297035019662154,0.18363500190121068,-0.0571196377620406
config_003632,-0.28160781176817296,-0.05713099432777882,-0.06342170004632558
config_003633,0.13272469107196033,-0.27170868730601005,0.28616497492574405
config_003634,0.08994763789119187,0.17284864976606013,-0.16888757508324873
config_003635,0.19885976396365396,-0.062059888474703284,-0.22915659295717494
config_003636,0.06583359244769837,-0.17886052222448529,-0.09637642868472998
config_003637,-0.15410562604867042,0.047893315476283616,0.10315212491091363
config_003638,-0.05324930308510653,0.1897153042849165,0.2622544203760247
config_003639,-0.26602238346400137,-0.051229236315064736,-0.15376705699985013
config_003640,0.13672833137664636,0.25122557726757483,0.12837904477624684
config_003641,0.21993397484272242,-0.009401028334817652,0.08163357448255787
config_003642,-0.21149419611466247,-0.20399128717511206,0.26564991037060565
config_003643,0.27261667665917205,0.08360033219818919,0.031028930068631666
config_003644,0.045262937465563424,-0.01085287969031773,-0.05281987300424412
config_003645,0.06482153156631482,0.10782865747167536,-0.1015597013075806
config_003646,0.16621182542498908,-0.13899469928583733,-0.26830473938553506
config_003647,0.044365703824577774,-0.010026197581859797,0.2956125474554629
config_003648,-0.16435594859365002,0.1094906814106481,0.08806741336070406
config_003649,0.1934124740679819,0.26049501529873137,0.2448437570679312
config_003650,-0.22123716079971553,0.2397011771974777,-0.12361757628113909
config_003651,0.2380213744807837,0.23951032556680124,-0.10551068828370866
config_003652,0.09756321501095822,-0.1044057119701666,-0.2844644877793318
config_003653,-0.19907940533313617,0.19525874689237538,0.06478102285296111
config_003654,-0.2181979144506465,-0.2559950219770006,0.11344451027688113
config_003655,0.21811693310501862,-0.03375534658161766,0.1590320124554186
config_003656,-0.15158338985384037,0.29362417352078823,0.2176557637747178
config_003657,0.11345280750599385,-0.23189237144098102,0.21161174274486577
config_003658,0.26477657776378655,0.11206514325313438,-0.001712607636034924
config_003659,-0.010065517251112377,0.07958877958959804,0.1757112818577728
config_003660,-0.07031769092009349,-0.17853715142699564,0.13635958057977426
config_003661,-0.16222174331980443,-0.14531388749742016,0.25274187244165985
config_003662,0.07845642392574337,0.16534833677882632,-0.1613414941247087
config_003663,0.1318387357928532,-0.283419635412316,0.051385120684533214
config_003664,0.2829342895815505,0.16076312828371925,-0.10562702541442875
config_003665,-0.06700128879673223,0.019454720680507298,-0.054012179082786466
config_003666,-0.1301182919709901,-0.12415028857689109,-0.05652556111661772
config_003667,-0.02969315844666942,0.16966792018615806,-0.1160681348904011
config_003668,0.07840230271364901,0.08641278219077358,-0.1155120511713306
config_003669,-0.20153459444017416,-0.011709914629791207,0.26467557876895625
config_003670,0.13865196735942953,-0.11897083301893471,0.07394594780151365
config_003671,-0.2023302358683905,-0.11313057672009774,0.18389301371454037
config_003672,0.04695835212978017,-0.03258314264851048,0.23447593791217974
config_003673,0.22398789782055223,0.023641770173869703,-0.018913077192218353
config_003674,-0.07757194152801053,0.2650230843775598,0.2723203699134375
config_003675,0.07310357874491102,-0.10553353710021482,0.14892287925633713
config_003676,0.04943422550320281,0.1159015036820778,0.19728036577298796
config_003677,0.17764987091588474,0.17656157611357037,-0.009113388473388218
config_003678,0.0736182378827458,-0.21062377782607328,-0.2865668608089402
config_003679,-0.10880028702906752,0.1319234447609961,0.20352919679076348
config_003680,-0.16737937205721085,-0.15196358860745865,0.2781514149212186
config_003681,0.06699003629458483,0.14714952989479507,-0.08068667982187241
config_003682,0.13926125081885748,0.29037704091742195,-0.19663912686153207
config_003683,-0.04294993352066595,-0.27670536485138425,0.2565835206040569
config_003684,-0.14441727379891633,0.18823922785068098,0.06961862901749338
config_003685,0.02656841205368765,-0.0770485983104989,0.12653582626434323
config_003686,-0.2873104869972637,0.16401997961789777,0.2003441543645021
config_003687,-0.20396452379294527,-0.03100051059174641,-0.0007766219884688397
config_003688,-0.06040556998388774,-0.06361560823189794,0.07090232445220457
config_003689,-0.2729029367686175,0.15867446314006467,-0.11656842791713545
config_003690,0.18684438178249585,0.24042308555612485,-0.10577218197969626
config_003691,0.07249708175832803,0.02604651394762708,0.2694945707804903
config_003692,-0.14243388329063436,0.25420638708388626,-0.17177962327532414
config_003693,0.021631940940089855,0.263147411026774,0.2557758759088076
config_003694,-0.13697740903641129,-0.05230496115358685,0.24334196763983512
config_003695,0.014989430205179843,-0.22907877630194984,-0.04563711155406491
config_003696,0.203896471834291,0.2789392922241472,0.22432359594158707
config_003697,0.2739652410395274,0.06096099674591676,0.20924881731558015
config_003698,0.26772816118792603,0.0256637262915137,0.019297836102100008
config_003699,-0.07246950693445028,0.24853624311252326,-0.25336767580675995
config_003700,-0.20934062326137381,-0.07043644499224647,-0.11448441016477587
config_003701,-0.1373405311435893,0.03667715537032529,0.06872116556834018
config_003702,0.18739648902937261,-0.25867329790043986,0.243596023318231
config_003703,0.10525577602646113,0.281614381216951,-0.24070422344457487
config_003704,-0.20047186034627673,-0.08411578083142848,-0.020998580294938618
config_003705,-0.28597505448265037,-0.14660915713342357,0.26994069544899285
config_003706,-0.2920059207601303,0.18380136492058924,0.2080395380885715
config_003707,-0.2773121597100144,0.0982689275958164,0.07844071463568347
config_003708,-0.0462335301895489,0.050436707103684086,0.1170504625448941
config_003709,0.0663043029663768,0.28110075863223466,0.1524859388986859
config_003710,0.01080623123083535,0.27437894780159117,0.028676865974737342
config_003711,0.2534915851615374,0.14704422581817467,0.21984632748139382
config_003712,0.09961484106689711,0.2085308551847052,0.04015426852940818
config_003713,0.0017750789402788958,-0.2317135638879384,-0.26335898545816366
config_003714,-0.1841235011886587,-0.17814229272684107,0.2560336353874491
config_003715,0.030263863167224292,-0.1674049643578279,-0.03860979594155478
config_003716,0.15888966082821515,-0.13565860595699156,0.11583237981447253
config_003717,0.15824605282257542,-0.08157726682765382,0.27454745548753384
config_003718,-0.059954200932869905,0.052969172835996337,0.19782548086520768
config_003719,-0.19851044067513524,0.2831427784030403,0.026098835179742874
config_003720,-0.09893259402217675,0.04039996525473866,-0.12166530242885479
config_003721,0.20055875743807378,-0.06663457196752548,0.01772148740975993
config_003722,0.08900434218825504,-0.19498623677361165,0.0001606804060462208
config_003723,0.032041855018610454,0.0887863080210688,-0.18755141170410314
config_003724,-0.27101430339096105,0.17729879395672982,0.01296002895803866
config_003725,0.08157541386114026,0.08994799762825056,-0.19462070795967523
config_003726,0.17426813894781895,0.25164056523495143,-0.18762484937314794
config_003727,0.09220701748643167,-0.18552491628135465,-0.1339106219816708
config_003728,-0.1733573721675539,-0.20847023011496596,-0.17723531937033993
config_003729,0.03558408404503022,-0.23338040143756378,-0.00420299399201518
config_003730,-0.15926237764906748,0.10834895364871444,-0.18228867474806765
config_003731,-0.16553335377931422,-0.10404936722696242,0.1015741884988014
config_003732,0.07072613871775574,-0.0573014518025895,-0.10566012744398118
config_003733,-0.08702426793630977,-0.03649894439894946,-0.21788426769211575
config_003734,-0.02821535641581374,0.18157970015599073,-0.2367352827522865
config_003735,-0.132489239927828,-0.06958126374975937,-0.2619514581302518
config_003736,-0.19663866029328275,0.1878679277414685,0.2958057361523965
config_003737,0.11102959511970695,-0.03565424046413879,-0.11932698486796006
config_003738,0.13160115304139963,0.0670664316479192,0.2522399308455949
config_003739,0.29989095319751863,0.24799308033062245,0.2967857670250898
config_003740,-0.11489590485363199,0.269445597853276,0.25519829797037047
config_003741,-0.15510534955176028,0.035641187083121084,0.09864733339683585
config_003742,0.27670159172358294,0.12872460263898844,0.09899771064260587
config_003743,0.06834138467861378,0.14335642809400517,-0.12756011934557734
config_003744,0.09080951846051799,-0.006110384537006519,-0.19169478365070447
config_003745,-0.2961086476934198,0.26965767291991966,0.29795176355543845
config_003746,-0.08766935371471338,0.2780523611354649,0.2807305316081367
config_003747,0.2503026038682093,0.29978737543694794,-0.27239793230299447
config_003748,-0.03448420618776282,-0.27433175264548765,0.08593399299549409
config_003749,0.031165699638955158,-0.23338277638661203,-0.29858817490728484
config_003750,-0.1291537011288349,0.27875649634103267,0.11276646592777023
config_003751,-0.18425232999185015,0.17914812255774576,-0.25378698721416115
config_003752,-0.11973440447981346,0.15251682003692557,-0.22146188665744354
config_003753,0.13573486477500774,0.01949920056848181,0.2606912917215399
config_003754,-0.19172322996107938,0.16041459086066284,0.12961627387767904
config_003755,0.17299263783315522,-0.15926294877391836,0.27537639180425616
config_003756,0.009303693332316343,0.08483017815582572,-0.04989216482331377
config_003757,-0.13824139954091358,0.18019213062611644,0.24647288840014342
config_003758,0.205341374840117,-0.2981493878413322,0.033619977805212475
config_003759,0.1926376478262679,0.00966298566917484,0.2265675126008308
config_003760,0.0915468341602153,0.2643048622703003,-0.0004184098442081008
config_003761,-0.18623204371547605,0.18726013086994364,-0.04082286187503331
config_003762,0.292788019764953,0.14861477222018243,0.01646746688392353
config_003763,0.08465228355478682,0.005825718502625921,0.11391335694522176
config_003764,0.20807824128881697,-0.23764820963675087,0.07589667063225547
config_003765,0.22434757760156737,-0.22816023519687634,0.21857847365621647
config_003766,0.03715629321827113,-0.08154314049826525,0.22821495020486232
config_003767,0.0156913551248824,-0.29615870895577295,-0.19919479889732783
config_003768,0.24161672813978202,0.22675352292202705,0.017469633546646435
config_003769,0.14913618435192694,0.19926388853711813,0.181369877669117
config_003770,-0.038536544208466694,-0.25514757174706354,0.2886384164818356
config_003771,-0.25885591243705003,-0.14122714263778993,-0.16697700981167043
config_003772,-0.25001867902832425,-0.12450881135312666,-0.039613470265178585
config_003773,-0.08058915133293967,0.0871527004257518,-0.26107288515599775
config_003774,-0.22419303829097503,-0.11639145268677623,0.03637560461030037
config_003775,0.22368456390912334,-0.16474434832120013,0.05886994174072224
config_003776,-0.12199906023140042,-0.27844342245729853,0.29169162645995056
config_003777,-0.10016085249306297,-0.11787229201697541,-0.023697265005163726
config_003778,-0.002675101584997064,-0.17236025813421954,0.21998762873206795
config_003779,-0.18581252562991274,0.04895945023319265,0.20825189117378723
config_003780,5.599162495317778e-06,-0.25446351834893227,0.2878213086912527
config_003781,0.04402046360934081,-0.09742415571747007,0.15165475193637162
config_003782,-0.2064630655155924,0.27084392477897473,0.1340329082415851
config_003783,-0.21487842625155407,0.1239247758899244,0.007718149343770242
config_003784,0.07238805132313297,0.08350348006424813,-0.18319187596046266
config_003785,0.08508067325857083,-0.11880843808150762,0.21799175949755317
config_003786,0.03027019946367604,-0.03158546837625875,-0.1941863032304424
config_003787,0.147307436092799,-0.16148827899831322,-0.0497564842160344
config_003788,-0.1922842178589837,0.09956283148965422,0.27636389987280946
config_003789,-0.2908792751235637,0.08764657980902446,-0.29404477994279493
config_003790,0.09541086860606374,0.07466852832501997,0.18744417933822322
config_003791,0.19592735960455582,-0.0037718887060795847,-0.19791320607972773
config_003792,-0.0676859863747234,-0.02604184449421576,-0.0477204621532778
config_003793,0.21266759756296866,-0.1286634475577399,0.1544597979363277
config_003794,-0.26898654150910545,-0.16675001526713065,-0.0648519585329077
config_003795,0.18306934554686694,0.18620795935299483,0.16355994272898344
config_003796,0.23733970270166277,0.06413995164361885,-0.15543319580792428
config_003797,0.2093357774901486,0.1086146516563461,-0.1925753459820037
config_003798,0.23987704518716785,-0.11948054064773428,-0.15448497749401352
config_003799,-0.04387211236066907,0.2605603136647792,-0.20742063138920572
config_003800,-0.09826016648772876,0.2756757214825731,-0.2144168555896095
config_003801,0.1629114834367375,-0.08053803054013367,-0.018730889562248942
config_003802,0.10180463865260775,0.21006343191817584,-0.05236157163880825
config_003803,-0.23995586914646982,-0.29925134454379665,0.12622442731956596
config_003804,0.1885281918947112,-0.18505115198977656,-0.10668150346274993
config_003805,-0.1680040128058469,-0.1423594564935531,-0.06211063087018359
config_003806,-0.21349591373936114,0.2832897193659371,-0.23303029504982137
config_003807,0.15589023165041277,-0.12026988587355172,-0.2634938550119462
config_003808,-0.0077947862073725616,0.1678863442269672,0.12595420117372996
config_003809,0.27784756411137096,-0.004412426714979434,0.19358012925865647
config_003810,-0.09750500197199224,-0.25520722183312256,-0.1124519797252013
config_003811,0.27635935727972644,0.22793985895426822,-0.10084646026377961
config_003812,-0.23774982462806926,-0.28411300826444436,-0.1739806002673282
config_003813,-0.12473123120459173,0.1766414378793867,-0.10116654222528668
config_003814,-0.008306472364226047,0.0535712962553756,-0.01187910073279752
config_003815,-0.08499470067800188,-0.12022283004810233,-0.12540169168353701
config_003816,-0.14499183372439708,0.2263231380776331,0.20437999001172474
config_003817,-0.25991266781184513,0.047764181981588105,-0.0446958778601354
config_003818,0.15566636298330866,-0.2656106438556634,0.02602107192268177
config_003819,-0.1599940423749562,-0.26539732730231025,-0.2133743808989365
config_003820,-0.20474597271583406,0.19221732155327054,0.22366102749686462
config_003821,0.0007342266832639499,0.2889306314956867,-0.10025401108404705
config_003822,0.159397656900284,0.2656561163732149,0.2774452251832789
config_003823,-0.2571664712190661,0.01255418817048165,0.1889202577639531
config_003824,0.024450716243744286,-0.13057590898824692,0.12002599714914225
config_003825,0.06040664984330307,0.27842832627767883,-0.04801168946204837
config_003826,-0.049736938795003016,-0.2849472800811516,-0.11423680533133226
config_003827,0.06820691043033777,0.14466839900719897,0.15263942837702366
config_003828,-0.1796071386013432,0.2589397612770717,0.09193100001828497
config_003829,-0.15226636988740974,0.24811396113508583,0.10514235677886946
config_003830,-0.23323445307942947,0.22330391495676488,-0.2545677616646757
config_003831,0.0006857710435212439,-0.15837536023299187,-0.1034721892503851
config_003832,0.16873139120192354,-0.0845633931311556,0.006052897529018997
config_003833,0.18039391614517186,0.03797742337716997,0.1611346172312576
config_003834,0.17436864813809017,-0.09513503145867033,0.26407095735598013
config_003835,-0.14627589926952642,0.14440794774241805,0.017127738614004295
config_003836,-0.03515153719911934,-0.16296636244971419,0.2871123425887456
config_003837,0.2710170767283689,-0.1611506132821445,-0.29261502318099303
config_003838,-0.06533043246058462,-0.13741927981398802,0.09993935398465437
config_003839,0.035108221284224916,0.18431596887766422,0.029829078158316813
config_003840,0.2515258684895086,-0.14739156516818466,-0.2519650582198371
config_003841,0.18459169895444788,0.16226776978646867,-0.22689545929436394
config_003842,0.15808996261631042,-0.02413226226848808,-0.29422050739551847
config_003843,0.1332758132835138,0.2581980492373636,-0.013451474037634359
config_003844,-0.2668718243836525,0.018431756062630533,0.1109366043135977
config_003845,0.04141699711877289,0.2974175605636786,-0.21750429497342505
config_003846,-0.2058794166254882,-0.14250237756168335,0.17947179358707516
config_003847,-0.07365104170461031,-0.26785738602824644,-0.07374778154830158
config_003848,0.11230870532031245,0.08423489750793212,0.2933450619946865
config_003849,-0.27450708387037215,0.12113502199423637,0.2025406301457922
config_003850,-0.003052950725264514,0.2613615361687545,0.11131077142264284
config_003851,0.20176158468050615,0.030256679553588517,-0.23035482250780104
config_003852,-0.21994527818751294,0.1499021850654127,0.18063504509179396
config_003853,-0.05287164258825666,-0.017134115062725497,0.2424774561633622
config_003854,-0.10867505648793171,0.14203632475375416,-0.23098133248147718
config_003855,-0.1288325259756663,-0.025381259592682892,-0.1430898375897868
config_003856,0.2073932619580386,0.1699454461416396,0.057240947008380616
config_003857,-0.26673876618756803,-0.17057950893113483,0.003121015013131667
config_003858,0.28079479732084006,-0.22483067936703616,-0.28064338509578146
config_003859,-0.151025301202656,-0.15119387377805127,-0.257256537865812
config_003860,-0.24187453741477538,-0.14420243372741975,0.16215352642256553
config_003861,-0.19537774424387272,-0.008198127666412036,0.1659463300630874
config_003862,-0.14233825891542065,-0.11380657448137402,-0.1305368217844031
config_003863,-0.03547167867584866,0.21783621229140276,0.06280101461484827
config_003864,-0.1920872197686792,0.1823932617717159,-0.030809460274423217
config_003865,-0.19765841810728557,0.12526677419511834,0.05525260330292353
config_003866,0.03330659305222011,-0.2953004553829518,-0.2812415286571671
config_003867,-0.14527916264516944,-0.2361782885189036,-0.2698545750278653
config_003868,0.009872369954942894,0.13798533901460697,0.06217105551489038
config_003869,-0.0618870157268607,-0.16041150393250558,0.04808260679685927
config_003870,-0.16629861390128967,0.2659321119145876,-0.10951867877544111
config_003871,0.16900850411749863,0.07037816344992437,-0.09449646087118443
config_003872,0.08360872731320629,-0.03396793930561315,0.07992198911573684
config_003873,-0.07919939711879903,-0.10201421508880701,-0.0014599460207034287
config_003874,-0.17417905798966374,0.08874976306916688,0.23514642794658064
config_003875,-0.08023059629430102,0.16200381136505287,0.06357919652077365
config_003876,-0.017211736220433704,-0.27098445590751025,-0.0594478584476244
config_003877,-0.23575152709553437,0.0010898552116541116,0.007554429183528721
config_003878,-0.1436821292816507,0.041997251870690644,-0.1921646972888857
config_003879,0.1874248060904254,-0.1973198778590341,0.14288375674615
config_003880,0.21077953117320763,0.23109439859326325,-0.02074400163419926
config_003881,-0.15760207524248981,-0.22550316462215467,-0.11380877565888675
config_003882,-0.20369998097891384,0.11948419438680868,-0.02328899127645545
config_003883,-0.2532472564688862,-0.2992561786504384,0.15439726656711839
config_003884,-0.2804827637589766,-0.2668262103242364,0.27053526577314807
config_003885,0.25352213488878633,0.1737018241434105,0.12320953007622926
config_003886,-0.29023975148263803,0.283890024280473,0.058035417764291775
config_003887,0.06304508754137284,0.005650229747322488,-0.21666662314481105
config_003888,0.12983863055261474,-0.08084046989037516,0.24903482587862574
config_003889,-0.15865473420320278,-0.23448936714952073,-0.23888869612547778
config_003890,-0.1820570631735191,0.29511448036984916,0.2750737287447412
config_003891,-0.16627333641354639,-0.23273169746136696,0.10509071738874565
config_003892,0.18867474135857015,0.20153737002018562,0.08158248320266542
config_003893,-0.024753354303597097,0.27395771076785064,-0.12171278016047762
config_003894,0.029977950002253784,-0.23514349572338497,0.2690411426627714
config_003895,-0.0619505724733824,0.2506864073499004,-0.13179156982370335
config_003896,-0.2717910229358763,0.12497581252310908,-0.08509963146230878
config_003897,0.11592869687265983,-0.010299133549726058,0.2768350931124261
config_003898,0.015976156366619976,-0.015907950344082544,-0.10961472607568826
config_003899,-0.11618525123687465,0.01119625227199511,0.00409463146155481
config_003900,-0.1630821094690472,-0.050873071790157376,0.05596686042345028
config_003901,0.02567910859795991,0.25910741688838385,0.0319057281599362
config_003902,-0.23880461570989775,-0.2955006275237852,-0.014008932245872296
config_003903,0.06101342048898978,-0.22509631144068581,0.054110687984730066
config_003904,0.06292147817381644,-0.032421556802630036,0.13566318521571896
config_003905,-0.15987675076919408,0.29827595566803283,0.22464084283339808
config_003906,0.005226010916948132,-0.09814948205657076,-0.00992938558113371
config_003907,0.11876174841453019,0.23048387067678616,0.15959800376343175
config_003908,0.019902094049914387,0.22385811632165903,0.1900111310247266
config_003909,0.1467975808950845,-0.15579876421157615,0.2339887609957712
config_003910,-0.16577273566752918,0.13697932194583667,-0.17766348153757824
config_003911,0.2500308290150613,-0.1011062513004353,-0.08301839925897478
config_003912,-0.2657604205068728,0.06621369112453573,0.087297793905181
config_003913,0.2526202004604647,-0.19929796982476544,-0.15174065603301704
config_003914,-0.24455443983575728,0.2760762255297396,-0.0010018258872553365
config_003915,-0.24121338309038784,0.16777747631516465,0.047059145939863156
config_003916,-0.07924476351388274,-0.23457586723511756,-0.141753735105845
config_003917,-0.2598289674029824,-0.13977405168765125,0.1977479370038131
config_003918,0.14751132683695212,0.21566821590603497,0.006712684624276544
config_003919,-0.05391452066096136,-0.03838035284761476,0.13756396446526087
config_003920,0.07508581931756242,-0.18414854162216687,0.16649647216245794
config_003921,-0.20164587684452384,0.14988711116594144,0.06361104172044524
config_003922,-0.29215502073237865,0.2257284724591579,-0.29935170926114957
config_003923,0.1673336968444734,0.023974836924213705,-0.027634914749970874
config_003924,-0.2573376242280649,-0.2801988338712554,0.02370092364185239
config_003925,0.1485636207792651,-0.27127937145898146,-0.017311992755749628
config_003926,0.21816275733214613,-0.16625561617894477,0.1380423383194515
config_003927,0.12225397470541166,0.06054047206446217,0.14348181760272138
config_003928,-0.041222530019431936,-0.023228723992599343,0.07533382265346711
config_003929,-0.13337991330066418,-0.09386254628577062,0.0762310553219277
config_003930,0.1350606912608413,0.29766392609082165,0.2888755847416213
config_003931,-0.21358679252517399,-0.04121962493546061,-0.24854616614946295
config_003932,0.12061264560408536,-0.12313865769411644,-0.22888125134983192
config_003933,0.07393597867221957,-0.23938377174867312,0.1646468673365799
config_003934,0.10047052762942876,-0.12992355714840964,-0.09705199649422416
config_003935,0.11313215723079634,-0.10021909071242957,0.2625784028243762
config_003936,0.0739518736737706,0.10808468688025685,-0.24556089592651723
config_003937,-0.0502985954519089,0.08877947091293181,-0.12694250860867254
config_003938,-0.20611296584488797,0.10650662595672411,0.23941709402388195
config_003939,-0.2770449781410714,-0.20396876946941717,0.2642256928171333
config_003940,-0.21320217178530154,0.29049090580429154,-0.14504506604802103
config_003941,0.04236525457481838,0.14034924408895455,0.09633663856791858
config_003942,-0.009160152638126917,0.1528160842814747,0.21715106243170595
config_003943,-0.0945261328566365,0.22701792835721551,0.24072832758953316
config_003944,0.27203502970713983,0.21044867408131657,-0.08319394929267637
config_003945,-0.16841204534271342,-0.11794402143738775,-0.04060403258355161
config_003946,-0.006112113057626156,-0.10329693907988283,-0.2893113892330708
config_003947,0.07425958792803267,-0.21608286963457568,0.28808014289708767
config_003948,0.28089066106245236,-0.27601974382116523,-0.010497756131042979
config_003949,0.2268721825358468,0.09129464741701088,-0.12027594783398954
config_003950,0.2986728958074251,0.02432557645453748,0.1793107156755362
config_003951,0.09824595378479117,0.1628195380995781,-0.24740217836094588
config_003952,-0.1648970500714563,-0.24142324102008902,-0.2952660755277897
config_003953,0.25003730768996696,-0.14655736654406412,-0.0361893625767587
config_003954,0.013326186044209432,-0.06811327085399682,-0.18117346659815947
config_003955,-0.07741357304489635,0.13946441340124044,-0.17571847977967153
config_003956,0.10023395000361679,0.15215061560723336,0.24209227984977805
config_003957,0.12865370393035247,0.2640069119104344,0.08709432801668127
config_003958,-0.13998641244344226,0.27891111200167523,0.09357154165112169
config_003959,-0.21726843584830235,0.009685926616515572,0.22255440684850197
config_003960,-0.2560025464890929,-0.09957719533185783,0.2594157858805313
config_003961,0.17597717766714166,-0.18006070237638694,0.03737128877297907
config_003962,-0.03966043009093756,0.15940950320650293,0.2114260103269509
config_003963,-0.27472747653852064,-0.2877037654875149,-0.29180281743637215
config_003964,0.014728035016298602,0.05961647325995478,0.1773058802163371
config_003965,0.10524538581832099,0.21102024311693884,0.2129467621883166
config_003966,0.006942859495773612,0.2899492303012558,-0.08552483789073587
config_003967,-0.24076277989667216,0.1711392988411195,0.18444748846358544
config_003968,0.07115249819714109,-0.16759780836822438,-0.07819971585075391
config_003969,0.21979725882496476,0.2402822867416748,-0.1771550962352263
config_003970,-0.010323014659093743,-0.24410801572682958,0.09462628755133717
config_003971,-0.29778573687256266,0.19524490723924198,-0.2867421969954888
config_003972,-0.0277975092322017,-0.256056402756352,0.15713811178993492
config_003973,-0.1641099266469867,-0.06241329109207752,-0.23717591095661483
config_003974,-0.21215460372700418,0.0396358507944059,0.2369647893701236
config_003975,0.08802117693853617,0.10336964631646195,-0.16853719686014626
config_003976,-0.058154129793649506,-0.13360302475400287,0.10292747062015067
config_003977,0.08249194202001336,0.07446507126611956,0.19426314680031948
config_003978,0.004974141059300774,0.21250527809747982,0.13404874827926105
config_003979,0.13608654913623747,-0.04535267361916201,-0.05189734615654762
config_003980,0.07836908333859399,0.132731422051584,-0.13075126147481825
config_003981,-0.06812855398255097,-0.21878905867323367,0.07569998112554038
config_003982,0.21649115264451096,0.2084946996020723,-0.14077754957838187
config_003983,-0.012882856225530648,-0.15230188304053657,0.0385391374563972
config_003984,-0.011491153115265829,-0.2850439629304861,-0.029967084442712844
config_003985,0.07855800643699129,-0.1734020881313854,0.005718100035835283
config_003986,0.24004791277904475,0.11019970944594437,-0.20632333447191192
config_003987,0.09642587455553142,0.20432483838633125,0.26702656181939605
config_003988,0.27557229385047904,-0.012983663006538304,-0.1006207345393503
config_003989,-0.14260927086115638,0.17010084808468845,-0.22305508523674505
config_003990,0.23567652889436602,-0.24286102002209287,-0.2546828082505474
config_003991,0.11647520346653428,-0.1308991911075321,0.00845405092945406
config_003992,-0.2337020246518387,-0.15190292216354026,-0.22365843458672408
config_003993,-0.020119460678128753,0.19570179005735944,-0.22147367173973917
config_003994,0.12113222775505256,0.10730067151647588,0.197917604995907
config_003995,-0.2776448658376954,-0.12227998603344781,-0.2634560816841679
config_003996,0.2974728180799107,0.1846715827564272,0.19430201910936612
config_003997,0.23009815975748776,-0.10890288145158719,0.1720724870302106
config_003998,0.14422557603823094,-0.24805398247322205,-0.2923645365879725
config_003999,0.15850214800917034,0.08118624723703421,0.0016339505434885826
config_004000,0.10809330651890808,0.03508484253106675,0.19330058746561019
config_004001,-0.09007502448116939,0.029420384835605606,-0.08216304724102352
config_004002,0.20717800589753083,0.01105279471480558,0.11796106303730802
config_004003,-0.12553102811791889,0.0014584138964513493,0.03726228627986805
config_004004,0.2948996451398081,-0.06260713876752202,-0.15127171243750806
config_004005,-0.10532599189619588,-0.2666719760023508,-0.11932369193286355
config_004006,-0.10721373122425001,0.10511693383535331,-0.2660713886379301
config_004007,-0.08801509233148871,-0.0461994453080361,0.20889033296707565
config_004008,0.17302892238038453,0.0015605168985903806,-0.004178338318653774
config_004009,-0.13402938941763676,-0.10320162399910815,-0.13834383444484005
config_004010,0.12361398350541908,-0.14262759629301908,0.2261324797832343
config_004011,-0.0983619683198777,-0.22771733822330098,0.2662892429985712
config_004012,-0.2018052438693631,0.13649407542375397,-0.23733122457385356
config_004013,0.12905523028998994,-0.28800669803249956,-0.19959575883531122
config_004014,0.07655801817965657,-0.15556938884910734,-0.22453117046460722
config_004015,0.17407907192238187,0.12188243611029403,-0.01207836417070951
config_004016,-0.027627016556842854,0.13895930661257394,-0.14138838989085792
config_004017,0.2453706824029111,-0.03480681032849675,0.14731063363477087
config_004018,-0.03621535800944026,0.2982697042814049,0.10319364031049855
config_004019,-0.09168218663936115,0.15679764220772702,0.1854013594401726
config_004020,-0.14440756531188684,-0.05394876546263966,-0.1060731444326645
config_004021,-0.25465215601289415,-0.26537343723629486,0.1461410858278387
config_004022,-0.19565181551461086,0.2588485480903799,0.06697938155299915
config_004023,-0.08090613394473548,-0.09918764200272595,-0.25650496167358866
config_004024,0.10711930750519139,-0.016407407143972264,0.018271638230812237
config_004025,-0.11863880538204663,0.2947837658838503,-0.2924177999691627
config_004026,-0.2158109062256412,0.10155221868572256,0.26005286897021
config_004027,-0.1548027138790738,0.02520372710871377,0.11567703509656269
config_004028,-0.22417768065406263,-0.2591449847208394,0.03736554474143694
config_004029,-0.2227223873176699,0.15956059768410585,-0.12391816102685324
config_004030,0.16731019845956208,-0.23228469099730098,0.2530132111819589
config_004031,0.1943547737415804,0.18547488947344998,0.19181297776242268
config_004032,-0.023556626792001267,0.0446874691300187,0.2565691024067463
config_004033,0.1977564226386348,0.24912349263405958,-0.0074491464834533505
config_004034,-0.29531866747559776,0.005860209347459677,0.07413536660939463
config_004035,0.2781388190257775,0.0018569949073613534,-0.1543236838534259
config_004036,0.023450253262553122,0.14224234568083538,0.005734458839566525
config_004037,-0.2587930015457047,-0.2562096800359306,0.1038547901516928
config_004038,0.1265450932410781,0.13591941533006835,-0.22066360995166487
config_004039,0.18758067700130554,-0.11636782986606362,-0.1141059974568914
config_004040,-0.1340166636690954,0.16724232131233996,0.2657256532881583
config_004041,-0.24104585159483338,-0.2569969147069759,0.21744889526951677
config_004042,0.07949507470998118,-0.27582467859634424,-0.25835406915699793
config_004043,-0.28237227988367036,-0.05038178981628269,0.23677036593177353
config_004044,0.13450041004134733,-0.2195827257574144,-0.24781130395297846
config_004045,0.07238997668000824,-0.03755056526009504,0.21966065433542087
config_004046,0.16197547926430966,0.18583880893611776,0.13315115887690654
config_004047,-0.14212368446321758,-0.05223565175354261,0.2547977408552358
config_004048,0.0075667051021161,0.20879556049739362,-0.13302356919072159
config_004049,0.17325986025490275,-0.21385172721101717,-0.21554134478215586
config_004050,0.09543266076399842,-0.28335777029507997,0.23137991740393166
config_004051,-0.19266753307221962,-0.21513346138302003,0.15881801809765272
config_004052,0.16047960898586738,-0.1490391859023298,0.24097081966862582
config_004053,0.17702416364762308,0.22037728548990093,-0.05006143817955966
config_004054,-0.06338993193077283,0.17409016888407375,0.16090879360852478
config_004055,-0.10051103091163086,-0.29215144933167425,0.04876174389110499
config_004056,0.25605749671911043,-0.08523959427404176,-0.24659058498301084
config_004057,0.18444574749646508,0.10667312744385271,-0.0664830093298184
config_004058,-0.28377677811043783,-0.2544511720338866,-0.2944768070379861
config_004059,0.26203084754695055,-0.09869559995583743,0.0614475843623607
config_004060,0.18950732164914652,0.298844050455273,0.11299765525655014
config_004061,0.04613091385533574,-0.29492440760172,-0.2818560565364451
config_004062,0.06562585817574712,-0.1857593028447428,0.081210284231992
config_004063,-0.08807674186736919,-0.24317996089030158,-0.16131371503820668
config_004064,-0.004333353540469154,-0.20460620393100057,-0.11214981387553771
config_004065,-0.1716510859440541,-0.24107013490674345,-0.1603670671799068
config_004066,-0.24903525090876222,0.2006305817969996,-0.1253307900656233
config_004067,-0.17692301755229287,-0.015354525808067843,-0.1946504613865892
config_004068,-0.11740557489761907,-0.041843048037317476,0.05896361505251724
config_004069,0.2968436444696418,0.21232987107337026,-0.14839864212452905
config_004070,-0.1517627925463858,0.14990946535165361,0.28830785814658005
config_004071,0.24088400346846256,-0.10827403679309605,0.05175216779960645
config_004072,0.03828035154347009,-0.17740402729445998,0.13072265843490594
config_004073,-0.23614341547750273,-0.24248733326620214,-0.0561445424409564
config_004074,-0.0068148416128032685,-0.11197875793651893,0.14726901463297098
config_004075,0.0008667751531395984,-0.053064826218539835,-0.12669552282347699
config_004076,0.14991534431053954,0.21288099710461655,-0.012046093368840383
config_004077,-0.06449138983728481,-0.1001973474653435,-0.15951407011767324
config_004078,0.293431358882478,0.10915461211668115,-0.11958737636468775
config_004079,0.2171982916129111,-0.2549963845459975,-0.16908112940267933
config_004080,-0.07009755796200284,-0.27051737869276454,-0.228753626197651
config_004081,0.003167217950820478,0.1839460400320883,0.03878253384321745
config_004082,0.2276271071127675,-0.11195936981910284,0.07048658107031208
config_004083,-0.21558381769973373,-0.23085012887675282,-0.26915922977035595
config_004084,0.19535302990151654,-0.07958764459511702,0.20858363900213445
config_004085,0.0914288017580056,-0.00539207177040979,-0.15682666400442694
config_004086,-0.0023973196148245335,0.29761829839794024,-0.26356667822348123
config_004087,-0.0004158824172437736,0.035619911193298825,0.29712752833041883
config_004088,-0.24746839739007234,0.03346870779766242,0.2600190414491989
config_004089,0.19524677182635025,0.0567795570898087,0.24066429037649367
config_004090,0.1771326888427887,-0.11026572676102822,0.27049916863433515
config_004091,-0.18255366213463828,0.24123727019294788,-0.2027495975751692
config_004092,0.01875081488216712,0.17498310724355304,0.20004698963178896
config_004093,0.2602409636661424,0.027160133300505263,-0.14075562194319433
config_004094,-0.2549631675152475,0.20083656274985867,-0.21355180207685673
config_004095,-0.12790521253694703,-0.06982569759574636,-0.0651167608725407
config_004096,0.23325347291252824,-0.09470869451209532,0.05717310765852529
config_004097,0.13195754309527008,-0.01164044607554987,-0.20358565954603502
config_004098,0.2090495692065502,0.29073783300695427,0.15937188100493271
config_004099,0.06882740504781448,0.14935592907004047,0.05532360678782838
config_004100,0.03595820047223325,0.05528980417021545,-0.07853102246274149
config_004101,0.2638517796525955,-0.259329893260766,0.05095527301493602
config_004102,0.16163470892482512,-0.003674144419958225,0.02557773586546319
config_004103,-0.24381984423449088,-0.006486801483911786,0.09266010969014293
config_004104,-0.16472831781499628,-0.2906507578710982,0.17168672273430885
config_004105,-0.2324016382522529,0.09661541820712194,-0.23036642372428878
config_004106,-0.2257300124217106,-0.14120315216525212,0.08013607692408609
config_004107,-0.024153785483847723,0.2687402606635893,0.23123065155543504
config_004108,0.04048149905339893,0.11782933554986585,-0.1931927634991207
config_004109,0.2614782866701593,0.058553789235559095,0.2276880844695806
config_004110,-0.1954571925686842,0.026450035988823062,0.15548754684292238
config_004111,-0.1779167738076751,0.0440486342626234,-0.2298008058035978
config_004112,0.22221838007224531,-0.10629287357719494,0.16944977027640834
config_004113,0.0226746101653601,-0.026098298260109787,0.1428362056958996
config_004114,-0.001939649803544663,0.20050196912177248,0.23204488099127513
config_004115,-0.032320697181688285,0.08953551881546623,-0.15623806975043739
config_004116,-0.2883884680885735,-0.2487427532081958,0.09305510653182447
config_004117,-0.03551528092197098,0.26658949554859884,-0.1106616882382388
config_004118,0.12932712173283106,-0.1641438468372501,0.15679156877327838
config_004119,-0.20295875027392613,-0.24742658497452144,0.06949624201955396
config_004120,-0.19761105636753717,-0.2500036638570559,0.2819767735483815
config_004121,0.06073293264922375,0.27331048256869533,0.1940008215308036
config_004122,-0.18414600404555304,-0.21135373001128988,-0.18121923480960378
config_004123,-0.23130741327553228,-0.27913998618826347,-0.07136356727712917
config_004124,-0.25640582947819596,0.2810474674314339,0.2543787368338593
config_004125,0.2380191808890501,0.19272648079697774,0.014883756782553936
config_004126,-0.21155846335575684,-0.18797967385385791,-0.0760312096660887
config_004127,-0.028865412664287216,-0.0572664944272889,0.10389292751714846
config_004128,-0.21884601185930672,-0.2138656732220784,-0.04487709970704035
config_004129,0.05319694657913043,0.06061973071043958,-0.06963105204564765
config_004130,0.0278952061014614,-0.20400637081698653,-0.18723205941282928
config_004131,-0.15598847070580732,0.028596930586129832,0.2289681235737811
config_004132,-0.07890667178473251,0.05342865610611136,-0.1728867916793089
config_004133,-0.015214275635043684,-0.08400816333853775,0.045038936735592505
config_004134,0.19433694074330454,0.02199423895900038,-0.055976065732245645
config_004135,0.14216083938149748,0.28748932538386057,-0.18303447072976214
config_004136,0.17889320797377667,0.15786992626368612,0.05117595038845518
config_004137,0.23930696540213497,-0.10413217925027235,-0.06184875496724648
config_004138,-0.25921933333982,0.036950361046096,0.2702974061608185
config_004139,0.06430243325880802,-0.23448241205803877,-0.047701633861036485
config_004140,0.044687865712424335,-0.254690682172106,0.2606269049512184
config_004141,0.24253507644976663,-0.27882584309094044,-0.11830128200773232
config_004142,0.03007712700448173,0.11018329919599157,-0.048802449896843236
config_004143,-0.15721809639480447,-0.054848436206986734,-0.11465310593540243
config_004144,-0.09155707907656704,-0.03147992815573847,0.038849678553674716
config_004145,0.24234982899180973,0.12263591974860572,0.22702975111543283
config_004146,0.1182123732199234,-0.09584203136085143,0.019042608076912326
config_004147,0.0480495092000397,0.12799223028685647,0.004336551662945443
config_004148,-0.1121538569986926,0.08940410996895987,-0.1658496571009698
config_004149,-0.24739102138968927,0.260701745457604,-0.053402419400196355
config_004150,-0.1370268166015661,0.21154582710866515,0.10088171471885887
config_004151,-0.087238257077312,-0.16606115196039917,-0.29251550939324306
config_004152,-0.08606231116228613,0.2439720749464021,0.07042552547747499
config_004153,0.2714365698344963,-0.28286190899859315,0.018650207208582126
config_004154,0.27116357746439873,0.05015231001520465,0.2548782301362387
config_004155,-0.02530127248167391,0.15183555438583807,0.2152270642586483
config_004156,-0.12743402464661666,-0.1601744162806629,0.08095578973631684
config_004157,-0.09336781729175561,-0.18178266573539287,0.2554804728683638
config_004158,0.13271956485708392,0.021861091651618647,0.1874669084563056
config_004159,0.29648526080792664,0.014208894404435346,-0.22094661368560195
config_004160,-0.13109219696737176,-0.11051856863052992,-0.15657137513911404
config_004161,0.1775447589610437,0.2712489304598457,-0.1123576276444799
config_004162,0.1961198964974526,0.17179986372312395,-0.21011793233587825
config_004163,0.24736599753277405,-0.29647422224498915,-0.21437877449462844
config_004164,0.2561313882339686,-0.04431180983541272,-0.10878617557613393
config_004165,0.18701038894712596,-0.27611386458861154,0.1425595359052027
config_004166,-0.21864124332282614,-0.29820689478646417,0.21452301201081353
config_004167,-0.10557244469332419,-0.11145701239848446,0.2726103785143766
config_004168,-0.0606984438215237,0.12520495360778788,0.13374398500855395
config_004169,-0.07376603825484807,0.16094803294979232,0.2500295685617438
config_004170,0.26124862543076405,-0.20263618669744526,-0.2744375443998899
config_004171,-0.2657220884485557,-0.18307753928497839,0.20581952129944053
config_004172,0.26779858080579905,-0.17328950142064617,-0.2813688424445579
config_004173,0.19396715908385043,0.1083160579978043,0.17453576204863824
config_004174,-0.02233161152665275,0.06645723403993054,-0.25812148997389966
config_004175,0.21938579717352152,-0.24178981611907224,0.2543473498964653
config_004176,-0.03825550492578872,-0.004404837507432591,-0.09526470119943617
config_004177,-0.2263008214271957,0.2508703661492115,-0.13035360994723197
config_004178,-0.21801168147806027,0.137150987743197,0.25677804278183264
config_004179,0.14057167749934207,-0.28007885345334116,0.006019603553983566
config_004180,0.15218747589946569,-0.03647793524194071,-0.04343077913024568
config_004181,0.11842047805730127,-0.1649186766705488,-0.15037751393368495
config_004182,-0.12001757269101976,0.2565665175653376,0.027641714100830606
config_004183,-0.19335768669948156,0.12734989364080446,-0.029518881903591532
config_004184,-0.13624388236272203,0.2609023816750526,0.10902866064285843
config_004185,-0.24026323520152726,0.0596101224085126,0.2821238526127184
config_004186,-0.18711571950680148,-0.03376264862868783,0.28059477007450556
config_004187,-0.21611905314635968,0.13480292170174712,0.2898528516091688
config_004188,-0.16770641176623194,0.16487891062925353,-0.17747867985698126
config_004189,-0.26034464749170166,-0.11059219532992584,0.012247717307401651
config_004190,-0.2775546668078163,0.22719325694011322,0.1987831974548243
config_004191,-0.2648801172549698,-0.22567861345995174,-0.22963664662420696
config_004192,-0.059093553259148945,-0.2270092866672273,0.11782128831456623
config_004193,-0.10818841437543517,-0.1919504872624595,0.16882857450829242
config_004194,0.011589566460245782,-0.12081879874983587,-0.2738222695354515
config_004195,-0.28346171717025154,0.10159666948496543,-0.2247652392190682
config_004196,0.1257330809000125,-0.2061454882490373,-0.06904340357541536
config_004197,0.16929148144751893,0.23591563431592383,0.04383787400325284
config_004198,0.2918372749245434,0.2549489620216508,0.25107735065778664
config_004199,-0.24120766159121892,-0.20734483767276585,0.16074918343290373
config_004200,-0.07800966781159915,0.10813835170803981,-0.21927925821595728
config_004201,0.21093669497911954,-0.22516570312884315,-0.012694315322715477
config_004202,0.29394371668074953,-0.19706704875583464,0.2684339973482302
config_004203,-0.20784163589488536,-0.05774447241578767,-0.2847246219783969
config_004204,-0.06659250377977124,0.29515417198606436,-0.02268038634269487
config_004205,-0.1292528544692935,-0.07922776699714756,-0.2781505542357696
config_004206,-0.1451409525471459,0.21024216821737424,-0.09745606532593029
config_004207,0.2309713692779935,-0.21302874970036575,0.12166215491656329
config_004208,0.1037409746840694,0.1507922188530577,0.06872234628983226
config_004209,-0.1628563107182081,0.2990590569510225,-0.05417897605219796
config_004210,-0.07347134239464762,-0.10029306284709735,-0.28186276257839715
config_004211,-0.209343728829665,0.03487265804068718,0.19563030960190836
config_004212,0.014492939596371324,-0.13672089123051798,-0.20505563041121178
config_004213,-0.1630063340695255,-0.14442586374796226,0.22169556784657213
config_004214,-0.031916689697603806,0.2461201757076265,-0.19663201150449316
config_004215,0.011926293571677571,0.2178315244937093,-0.2411172888825937
config_004216,0.06843268337331848,-0.08207780189180403,-0.2388224619803919
config_004217,0.26416156208713987,-0.040785641321863686,0.27978949282661786
config_004218,-0.02328185088407486,0.034393146761384,0.0049879854588913974
config_004219,-0.01889859183218834,-0.29879983763589385,0.21149021521542338
config_004220,0.28439735191375765,-0.22444857187557965,0.05712199335124524
config_004221,0.17765939026911431,0.05330902922004016,-0.09992902746533064
config_004222,0.18223132526890878,-0.2739098296496066,-0.0871267916407703
config_004223,-0.06336646561744666,-0.27388241088291715,0.17694389187545212
config_004224,-0.2786491604409784,-0.285383228830671,0.1425663919782444
config_004225,0.15432904380017703,-0.2508023025602095,-0.11997639418178088
config_004226,0.17667304103134168,-0.14747243715617228,0.13127322452651452
config_004227,-0.2281153775604049,-0.29374788492574083,0.04188419362096074
config_004228,-0.25323330028861385,-0.2531731140105453,0.1816530008116552
config_004229,-0.13114470703480022,-0.18272611595366145,-0.06893534670863039
config_004230,-0.23345642012248363,-0.009990087444317675,-0.16975342675304333
config_004231,0.22574912365197403,0.06472136708755916,-0.20059073358612828
config_004232,0.03403582769994479,-0.2336912708125793,0.1824556926189192
config_004233,0.015349654841032345,-0.0886808469492062,-0.22841090163228592
config_004234,-0.029839880535124097,0.2610038712585306,-0.021770929777849113
config_004235,-0.06124522310040556,-0.23213000210340873,-0.10223583597660296
config_004236,0.1966234791100429,-0.07866817738477805,-0.26064062359479645
config_004237,-0.12867054411522083,-0.048676245161586695,0.19702114581901486
config_004238,0.017506983766581163,0.11837355141177236,-0.23901749013249934
config_004239,0.040326513623072324,0.010234855365155782,0.20648424201747256
config_004240,0.012284009302818366,-0.21441340393749908,-0.20930454791482245
config_004241,0.04380018694676513,-0.061344364953939606,0.18355195618313835
config_004242,0.2541191362417317,0.1555551855117162,0.18082325114303144
config_004243,0.2121506691128811,0.11250370800887144,0.027476270610004072
config_004244,0.14939857980839388,0.047944343060453865,0.05236157537014241
config_004245,0.09952695342231199,-0.18726806339846602,0.016982276149940134
config_004246,0.2053681822609827,-0.25688708083397405,-0.19409806681572647
config_004247,0.15153378692180158,-0.18060717253795766,0.1566234924515285
config_004248,-0.18532141358391957,0.2614314082420726,0.08961652156330435
config_004249,0.2664837083088207,-0.2854295958355835,0.018680717907137212
config_004250,0.09937920391611665,-0.24295314281011895,0.07979815740080137
config_004251,-0.09179880176783473,0.1044421662342595,-0.2800478984418391
config_004252,0.10048766004317733,-0.106018744148973,0.0379469186127428
config_004253,-0.271916804853238,-0.03220279995066816,0.11786825588747618
config_004254,0.20996233144719073,0.2117662029728919,0.03425044797036325
config_004255,0.17541771785254318,-0.07468167865098699,0.10411609692616697
config_004256,-0.2930021647334478,-0.2669643157405569,-0.004029946729720846
config_004257,0.27547003277439636,0.17235558573724752,-0.25487689133316
config_004258,-0.19238717023531587,-0.04137711679329237,0.21588542112410763
config_004259,0.036645041777675635,0.10772738832833018,0.24801531148167338
config_004260,0.2794904874355812,0.1906715802478104,0.15046853153268958
config_004261,-0.2915861401427644,0.13063847316531052,-0.08168344939733302
config_004262,0.11993114715562614,-0.1681820041777115,-0.17727004381765643
config_004263,-0.18848648662095158,-0.022643291093684348,0.0858069982966187
config_004264,-0.14625162491102034,-0.14998378099470125,0.004583868183984929
config_004265,0.22395834337321813,-0.2838263265319762,0.045871573928467635
config_004266,-0.20494008508796913,0.25363686104860145,-0.110916975362054
config_004267,-0.011654534455806276,-0.04689888681186877,0.28782080509181757
config_004268,-0.08643775489847938,-0.0816175674614277,0.2813305686992624
config_004269,0.23238018431616175,-0.16931873176980913,0.1725561824868982
config_004270,-0.24579744361488357,-0.11646755270218404,-0.25231673661988846
config_004271,-0.06428854840201956,-0.05831381973061073,-0.16032081784647048
config_004272,0.23457370776219705,0.2486710236123421,-0.17655102856413427
config_004273,-0.002701404074385738,-0.22982961414099232,-0.1809244176504684
config_004274,0.2640673031681547,0.13211705555422648,-0.2042292904694699
config_004275,-0.25761969854555095,-0.19998082282122026,0.07404093505958331
config_004276,-0.1313459244619287,-0.06380939613478426,0.15367026434727538
config_004277,0.11292092021244321,0.2606284762381608,-0.04701560929986154
config_004278,-0.11120797814277342,0.28276170764451697,0.11270877283157615
config_004279,0.13747009874229404,0.04630650485313326,-0.2237052712481158
config_004280,0.025908680236894077,0.1845143222787869,-0.06761746910872385
config_004281,-0.29236350272656425,0.028984974807238273,0.1782779662435544
config_004282,-0.1403587504183996,-0.10190575830444862,-0.13888723915652718
config_004283,0.00995738395684126,-0.14002579900066356,0.16355024532328338
config_004284,-0.086796583069262,-0.2799243784034013,-0.08575538343029102
config_004285,-0.13755758332103063,0.17103127434541704,0.1894353162398314
config_004286,-0.20942360620673914,-0.18494620293491532,-0.03601266264928754
config_004287,-0.29240158478773676,0.18162170364514868,0.15137479947297994
config_004288,0.294055882101896,0.17412735006046398,-0.27590131940198204
config_004289,-0.05619449434860607,-0.14036986109098828,0.26631029536409406
config_004290,0.23018641669751178,0.24927881410654945,-0.238519427550959
config_004291,0.06856752128845328,-0.15419392262026108,0.11905677753593458
config_004292,0.2209229899196023,0.0650020543479225,-0.09565774281522149
config_004293,0.046233276203856866,0.007110624444369051,0.008398416848069745
config_004294,-0.06668117085508879,0.29952001620025986,0.23756742853429552
config_004295,0.2110060324424517,-0.07491853437774718,0.08589332439826686
config_004296,-0.2555018626721414,-0.14972869993555774,0.0029293719770481785
config_004297,0.03968721290758093,0.10369188161888221,-0.08129099141144916
config_004298,-0.050007707545662056,-0.20867064681706723,-0.14724543492665762
config_004299,-0.037152309749457046,-0.17494927683198905,0.0071288991696715764
config_004300,0.2746750786412709,-0.18820636820166253,-0.055891393357239416
config_004301,-0.20624393605375407,0.06304348592963638,-0.2956628527704381
config_004302,0.1342746870198276,0.009746421712419018,-0.015412371627977817
config_004303,-0.2338257899393426,-0.157558655213654,0.15631143908291767
config_004304,-0.0896376974601017,-0.2630313831835898,0.24000382809100956
config_004305,-0.1831427030172832,0.25200376827320264,0.08049460334057773
config_004306,-0.06972079039424717,-0.16401784344686257,-0.21090037519946064
config_004307,0.15658183448229201,0.25845165217893334,0.10909527035592953
config_004308,-0.24316676673555354,-0.0831091122364265,0.014691477181671853
config_004309,0.05355836562623362,0.18292762187098704,0.24106794526754433
config_004310,-0.0653993349867244,0.1961589154620062,0.20629245343962682
config_004311,0.09871791590308254,0.24559984468610901,-0.14934344157161003
config_004312,0.2937217592682401,0.28932103310202545,0.18615861066401335
config_004313,0.08879003785749784,-0.2517976436317437,0.2730064905198301
config_004314,0.2697625274817966,-0.08795146280771407,0.18007630724758378
config_004315,-0.05319615001923067,0.005751157219622438,0.15024111604071028
config_004316,0.24765340131325803,0.08475378960872215,-0.1035858832280637
config_004317,0.1551003800340448,0.1626426962330203,0.27323165936594923
config_004318,-0.08628752138263945,-0.23487477579418414,-0.11074567320496767
config_004319,-0.016901981288490686,-0.12108399659368319,0.2476636487554708
config_004320,-0.15713104672742487,0.2644112345755724,0.07513285601168107
config_004321,-0.24356825452108047,0.1085148370181036,0.2519740343315094
config_004322,-0.04239363341502522,-0.2943838284828147,0.2017796847096785
config_004323,0.11414199819316234,0.06027203305518769,0.1927838879170416
config_004324,-0.16501560281164152,-0.2659262399348177,0.04364124740371639
config_004325,0.04701231064972783,0.05340942571425927,-0.044904993727888254
config_004326,-0.19937502173745988,0.05734053527650396,-0.16368475773759705
config_004327,0.10012572307804085,-0.07058015893426117,0.024846073857333173
config_004328,-0.1917245408021137,-0.17210021536478096,0.000899719348026573
config_004329,-0.0842725134975145,-0.11933417410385785,0.23258359081391783
config_004330,0.03826599937872077,0.17565833135189335,-0.043679405228621904
config_004331,0.16871975901076758,0.009669941102451618,0.2377601236298425
config_004332,0.14697128980150043,-0.18124179793462214,-0.03284539196975106
config_004333,-0.25930337748583454,0.1631588044989764,0.08462651500286905
config_004334,-0.022805995777633092,0.2575766836011814,-0.23317794093222088
config_004335,0.0574094461071154,-0.16431785490289666,0.17729841866936313
config_004336,0.026226426632579125,-0.13087151713116593,0.045815993276057454
config_004337,-0.19122246512297209,-0.11158432681061722,-0.16355438875576403
config_004338,-0.1316716848468036,-0.10389200192776518,-0.04715147182406876
config_004339,0.05832831786614645,0.14140507110688044,-0.03254878200774264
config_004340,-0.29318296694334856,-0.1483331847075174,-0.07978488974802694
config_004341,-0.21416580385694278,0.20808630500822972,0.2841145729189429
config_004342,0.03232487410498208,0.2525819536318073,-0.125650695484244
config_004343,-0.04068439614189717,-0.19377019973201348,-0.18629682161993286
config_004344,0.2862844300795278,-0.23794637274493938,-0.16994609963367693
config_004345,-0.13717768735957778,0.08507985171669524,0.137056267567501
config_004346,-0.17147959291982953,0.11370741188872302,-0.22083466705285765
config_004347,0.16560317510676836,-0.10932272261472814,-0.021991798453216194
config_004348,0.2965865322010632,-0.29514556192564895,-0.16959283056200275
config_004349,0.28856323977049264,0.01061743615566424,-0.2698325037997651
config_004350,0.17606043558218593,0.2135937553980805,-0.02508494411642237
config_004351,-0.17995501461225946,-0.19038548905368732,-0.07661639604234124
config_004352,-0.060437681119672654,-0.13689355472244982,0.22523914481223212
config_004353,-0.06164091264366012,0.2205504142031403,0.10842900440265713
config_004354,0.1340652871790209,0.07313854051042462,0.11424548162868542
config_004355,0.16086218786924072,0.21847314647636812,0.06696935405500837
config_004356,0.09196975151556169,-0.28475719865319976,-0.10455644993872418
config_004357,-0.2418374009287394,-0.14823229357056672,0.015618667476950232
config_004358,-0.01046607524144888,0.22166184501673275,-0.22310815923379906
config_004359,-0.050628518707482584,0.2487783199516838,-0.2867639162025597
config_004360,0.09077708980280363,-0.07364759534214604,0.0475398979480226
config_004361,0.00019382469240092348,0.02177995820013795,-0.15278868500885537
config_004362,-0.16903350976839654,-0.001508026449604516,0.05794422669898314
config_004363,-0.14556412717819703,0.14948546235940946,0.16899879044875665
config_004364,-0.026180840007153927,0.04416471949898193,-0.07105229001568797
config_004365,-0.19001445600114406,-0.01501419265497106,0.03163705834937658
config_004366,0.034917060315536985,0.1857737008872653,0.2793231431747532
config_004367,0.02911777378675351,-0.16069909001057006,0.20152343857109029
config_004368,-0.28744696636852035,-0.06398388782886827,0.22730511572632334
config_004369,0.2408153178695947,-0.0001392701320812595,0.04569795136359667
config_004370,-0.11107903857249274,-0.1729795123906195,-0.19150889816641697
config_004371,-0.006117581165387187,0.22168264957686484,-0.24685581306083948
config_004372,-0.0038170295387932596,0.2795965096748208,0.21903222094364644
config_004373,-0.07164220374457192,-0.258124950269203,0.24961123151732417
config_004374,-0.13625744866164693,0.1960669162402559,0.2093328888981853
config_004375,-0.28969131052096125,-0.06789981995739003,-0.19791592206670067
config_004376,-0.18199254730364567,0.12377956500089349,-0.29506538839973573
config_004377,-0.24654052301751872,-0.15103228072970337,0.27392626169895146
config_004378,-0.29056595774868516,0.15259319499118112,0.057503522507109106
config_004379,-0.1178327942117186,0.001600467333730482,-0.07990770887780221
config_004380,-0.18917550353397922,0.15863928168961555,-0.29401097848498103
config_004381,-0.026515883839135057,0.17515107357310972,0.23856490665311442
config_004382,-0.11241770352107897,-0.20430013419127302,-0.28173117169630224
config_004383,-0.26945913851396436,0.025401704355283772,0.09600545870991989
config_004384,0.2479035550858511,-0.21679698337779846,-0.13618878175032836
config_004385,0.11010219125211795,-0.001979938508491763,0.14466952272739309
config_004386,0.196769553987517,0.2640359901895983,0.24359266829153797
config_004387,-0.06670034172135286,0.042586647158281865,0.03163274061678234
config_004388,0.06344004653641444,0.18716229638205156,-0.12912457360294194
config_004389,0.24090005692363342,0.28040358434987916,-0.18733799903503195
config_004390,0.06298350659366009,-0.19793049516133793,0.18526767949238016
config_004391,-0.11210008863251317,-0.14461077162365235,0.06715117626389133
config_004392,-0.21033532825179552,0.26344717842904525,-0.10181451535704936
config_004393,-0.1093765596508118,-0.2223665548570588,-0.024515030807796323
config_004394,0.1254725026362043,-0.0609726514914708,-0.2872510003467467
config_004395,-0.2017213402842073,0.19884231867055835,0.15274383387032514
config_004396,0.23200227680355096,-0.2090545790996427,-0.18246289997434406
config_004397,0.15098299083834082,0.16558791063453976,0.12381433581184975
config_004398,-0.2438728693313786,-0.17346374942477966,-0.290925938101572
config_004399,0.16631788737769443,0.09643793052457089,-0.11865326434692641
config_004400,-0.24603070071673258,-0.014547471113267929,-0.11956662481919725
config_004401,0.06982852187841626,0.28031601996084216,0.2460592386916452
config_004402,0.17538158433462586,0.05769576386243369,-0.14942603560519083
config_004403,0.11884584791790265,0.17854169043542495,-0.24408545427503964
config_004404,0.2648093331567832,-0.16883430665198415,0.21970078821712452
config_004405,-0.21820679749273597,0.27776161697579366,0.09589113301530439
config_004406,-0.20578382957442395,-0.2915514569331144,0.22318535687464797
config_004407,-0.28524377255295524,-0.057277098637009694,-0.07324299002887469
config_004408,-0.14806871569517713,0.05628013452768993,0.28145201628571964
config_004409,0.01446812645046941,0.21161217894063927,0.1406674512559074
config_004410,0.031794758481297536,0.13111622678170687,0.24444036265839414
config_004411,0.09998326214464359,0.05241316422402764,0.14950157637201184
config_004412,0.0730078531935251,0.24473676366977665,0.07593778555199127
config_004413,0.2715387473745587,-0.1737169791142401,0.2097722177052988
config_004414,-0.06675370844761724,-0.13714243585516211,-0.12542138152672333
config_004415,0.23216905016041395,-0.11502463400460988,-0.13737122255227321
config_004416,-0.16690000245144698,-0.2857253049058806,0.22305632135576786
config_004417,0.013506421270027102,-0.1008019617707813,0.15412736478766853
config_004418,-0.17620869483482982,0.2675884336217503,0.08311463473604552
config_004419,-0.21545951134200753,-0.258572316959447,0.2486878428902523
config_004420,-0.2799237647753414,-0.17608366842056072,0.2700727737272722
config_004421,0.0020975737491255586,0.2700223828178799,-0.05583599192945593
config_004422,0.06133364098214111,0.030702701580753,-0.01318933105198572
config_004423,-0.26847537688131956,-0.0878053890753169,0.06498122295251252
config_004424,0.16428197621486124,-0.024278130068852044,0.18700924030769867
config_004425,0.23403505613162529,0.0042317640478847784,0.27572242361432525
config_004426,0.052996849883785835,-0.19331124866916694,-0.04898370423151738
config_004427,0.21486275750995015,0.2069224610612384,0.2512197848030993
config_004428,0.05186193326495642,-0.14889970589006077,0.0003581259147180105
config_004429,0.039317437880183825,-0.05192959225508978,-0.2992145870655173
config_004430,-0.23084997542176477,0.144547493054083,0.025432501856690604
config_004431,0.21013678713866896,0.2943489016733239,-0.22749338913794293
config_004432,-0.06014964269359052,0.07228111560128514,0.24248209373023227
config_004433,-0.23827969033643226,-0.15000278657941782,0.2212925530404089
config_004434,0.2921937390094664,-0.2661292518279343,-0.2918888154487988
config_004435,0.10591002039590425,-0.1119072211153512,-0.14610214996721702
config_004436,0.13058829427959673,0.14962007290538737,-0.18120367919095012
config_004437,0.003908821089857406,-0.2248735402268051,0.1852910802401398
config_004438,-0.03127529135429813,0.11291502528608222,0.19162582608429496
config_004439,0.04804338005333719,-0.02558266665405462,0.0842473532577101
config_004440,0.24773952102357938,0.11940590647938731,-0.27331388526553857
config_004441,0.04370593906342646,0.0569166434069327,0.16348561664800954
config_004442,-0.2868252994524239,0.025463768783828944,0.06327206174296746
config_004443,-0.2076441692617843,0.055202504449254175,0.17055678944474378
config_004444,-0.04697626030590152,0.14537798611393415,0.1335839345353611
config_004445,-0.2750211306364135,0.0986168561880632,0.18819900408318924
config_004446,0.08238141524209797,-0.23247630501508307,0.2638171308755098
config_004447,-0.2558499058111667,-0.00437653376785746,-0.07507591110707507
config_004448,-0.29481567986140916,-0.025416209484260432,0.021369253563141788
config_004449,-0.27865154924073177,0.03114913540884562,-0.0464992971419983
config_004450,0.016556510804877078,0.18948023400238823,0.21104194213221011
config_004451,-0.1994491234696455,0.007718966665964722,0.13531275152440525
config_004452,-0.1586341619441066,-0.17646733789538505,-0.0375290453072179
config_004453,0.13329114237672318,-0.294326887411342,0.12751933071189275
config_004454,0.20745607721063403,-0.16152307409583513,-0.04690585073782305
config_004455,0.15862040926675386,0.050816160015967726,0.06294580149234147
config_004456,0.22112484009943495,0.06409328013186771,-0.20955619312594903
config_004457,-0.18075804777816848,-0.0073854932889584335,0.0006520708197189085
config_004458,0.18009076749712544,-0.23903381806172064,0.2731712727307391
config_004459,-0.2598862046617118,-0.23425516144298758,-0.16038573031535333
config_004460,-0.249118204527225,-0.04069685156458386,-0.19979240276946103
config_004461,0.21533066422846464,0.1669968676159001,-0.25627904642061144
config_004462,0.20297667334740516,-0.0671512732323796,0.2785206589073486
config_004463,-0.22870182738412448,0.20744023550099916,0.01503485460433368
config_004464,-0.08256793127368559,0.10344072062517828,-0.16574746004277532
config_004465,0.2022722789011931,0.12608547391681152,0.11253522189341986
config_004466,0.1497950573317139,-0.19951771984186617,-0.08536380091038295
config_004467,0.0379274945269924,0.2507606451717361,0.07830268345450986
config_004468,0.11043726245091362,0.1849853133396509,0.09056916913470198
config_004469,0.2418448230857166,-0.2953879562135769,-0.08859150329487855
config_004470,0.2999989623682688,0.017591077710332748,-0.09296055104118722
config_004471,-0.23601824044523229,-0.11378248102551083,-0.14791162121221724
config_004472,-0.1426390338814029,-0.28058777810506297,0.25477597093694043
config_004473,-0.20698741414283192,-0.2731668000425058,0.15429394465709606
config_004474,0.14795414347549835,-0.27345695828086053,0.10460952868008422
config_004475,-0.04329611655042559,0.1203555691550276,-0.2549703201775238
config_004476,-0.2400672254103603,-0.038327090968582,-0.018598580216321603
config_004477,-0.017042762878395568,-0.25768392357905573,0.09401356597456262
config_004478,-0.01628941352365526,0.03980110249367508,-0.18526151236436433
config_004479,0.246876634051236,-0.21872114801323522,-0.03869654304243375
config_004480,-0.014120396332811924,-0.04597666642363496,0.19169863942562365
config_004481,-0.12424273262015739,0.1345368692360956,-0.052151876835871025
config_004482,-0.29967601572491764,0.08883088954824137,-0.13538331753483665
config_004483,-0.2329068909445386,0.14351162113971816,-0.25677763512669016
config_004484,-0.11695313402363744,0.046846888498415784,-0.13321780717675838
config_004485,0.01715266437383295,0.16023013692885651,0.03176682915812712
config_004486,-0.1526256766632856,-0.22905067075208968,0.05071106559396832
config_004487,0.09504415984338865,0.20647505904816438,0.17592111893183093
config_004488,0.13282212519511577,0.2989250340170047,-0.05649023807895159
config_004489,0.007194678822140754,-0.08851141865706932,-0.1802590843394963
config_004490,-0.20851356156152323,0.29522146442779057,-0.14834683607531465
config_004491,-0.12690091058025846,0.15203459090974564,0.11690449581360579
config_004492,0.06116611352934115,-0.11498474733824177,-0.1594358665355808
config_004493,0.21660853429614751,0.010854560329901508,0.06359338599786613
config_004494,-0.2720491793017506,-0.14988130049773438,-0.009230057430280492
config_004495,0.21652838006196656,-0.2180646006483224,-0.19831959992487136
config_004496,0.26484302382945396,-0.18937940714735707,-0.2782399500783123
config_004497,0.2954526960882124,0.22364676380843357,-0.20620321158687657
config_004498,0.27664391173760733,-0.22161161965937665,-0.05103671956375713
config_004499,-0.23308370333012227,-0.18982404810010445,0.23333936060437127
config_004500,-0.2018332866255721,0.04588664267418657,-0.05807219837916483
config_004501,0.04570105555517656,-0.11041634620800272,-0.11973738639170495
config_004502,-0.028323577152345625,-0.04612914868598711,0.00799862247610339
config_004503,0.07779614684805519,0.21036838800937913,-0.24296053942374235
config_004504,-0.2393784215935647,-0.10081220045804326,0.13370227133479812
config_004505,-0.022890738254626786,-0.2635999080645843,-0.05037320034736917
config_004506,-0.1617763745641098,-0.06082939385609096,0.21220141707944257
config_004507,0.11842745007130023,-0.21467614936080082,0.17747029896015903
config_004508,0.2888653406468516,0.25892549571846185,0.06602590543775233
config_004509,-0.26501446860199845,-0.042147077460409244,0.26839687153692476
config_004510,0.061328622776444186,-0.2988521157379294,0.19803363987951977
config_004511,-0.16032206771369692,0.21981474547164576,0.03170506281109198
config_004512,0.10841905693062936,0.26896736723465225,0.09637220007935487
config_004513,0.086245424887743,0.23703509332981537,-0.2764289683742946
config_004514,-0.2807923430211874,0.24139325307691445,0.2721293082986099
config_004515,0.12389140554951095,-0.1387996358865553,-0.27573691998240984
config_004516,0.006782386178004973,-0.04876069204293776,-0.29557968569207466
config_004517,-0.058374067719142886,0.016690411376133862,-0.06619808820844225
config_004518,-0.020540151117318606,-0.0007038813932540577,0.08068725963334172
config_004519,0.1997360841440171,-0.09641284378218637,-0.24314626900300257
config_004520,-0.1101736947695581,0.012270624864662405,0.23738085070587128
config_004521,0.206047705242479,-0.08948238729581476,0.15335278324881463
config_004522,0.2552278250692474,-0.26210717568683434,0.08660683708392669
config_004523,-0.26298149568859464,-0.18042065969177407,0.2531687841716222
config_004524,0.2816403856969572,0.29522774077254194,-0.14785676580793328
config_004525,-0.297790288271307,0.061842744305272035,-0.25475766416098594
config_004526,-0.14512220925603292,0.17471921612577668,0.048763727270105806
config_004527,-0.2609814968097979,0.1274946485971168,-0.0291691878834609
config_004528,-0.10193812722036305,0.1916250808603585,0.14578380528966606
config_004529,-0.2209224038984347,-0.22625931972111996,-0.25411542247990354
config_004530,-0.12176097765760133,0.26626837226620964,0.07223858959906193
config_004531,0.13199382214711863,-0.055760124127494676,0.2540086173786961
config_004532,-0.11365067947409066,-0.20840695990308608,0.17231081368050088
config_004533,-0.05723212247045828,-0.10114922821742425,-0.23255712808627188
config_004534,0.14290151158268966,-0.08544908506828178,-0.18794844004746614
config_004535,0.22399459886766265,0.1716336760262157,-0.27879900346273717
config_004536,0.2628179205007745,-0.05955669895503779,0.012420734228262287
config_004537,0.10373753989212031,-0.08366266049366042,-0.25512644851597466
config_004538,-0.048882072162864665,0.24033370566424378,0.10113669012972626
config_004539,-0.19479110024431678,0.08657457337633323,-0.005816720764405203
config_004540,-0.2771144140312895,0.18949273540634398,0.14538042570971094
config_004541,0.28699229405674415,-0.17439586488221906,-0.17844898482214128
config_004542,0.06940896506256705,-0.29321893199356136,-0.22232068260112936
config_004543,0.03872856429944388,0.2057405976267383,0.12674700050147936
config_004544,-0.010202534470908742,-0.23375072639229127,0.10849963472420682
config_004545,0.057906140636468484,0.13672778222157334,0.23022094105017982
config_004546,0.08775730003017457,-0.11981839172315628,-0.2568843769036127
config_004547,-0.2780745123472688,0.16962209081569196,0.2905597540880776
config_004548,0.13625169682863714,0.22077317548442305,-0.17235562136061172
config_004549,0.2668593046480337,0.2478109095171948,0.07300104225426157
config_004550,-0.29565951974195315,0.014435500202618912,0.0014807514861189253
config_004551,0.2027844231446591,0.2672371527169434,-0.017873070819510062
config_004552,0.2770648029252219,0.20858456589286228,0.1365590195981895
config_004553,-0.1896522920661982,0.15800162545475288,-0.233819861265261
config_004554,-0.29524571380825965,-0.1561821561028258,-0.04534539141423444
config_004555,-0.25900732804063104,-0.25916225366368284,-0.24694639546906272
config_004556,-0.003514609989623385,-0.1774998096845794,0.10029555662377354
config_004557,-0.24464808492113713,0.2605899483300342,0.0752811893965527
config_004558,-0.07289809845177048,-0.20165672577964672,-0.16560479248487017
config_004559,0.0774841537078047,-0.04824447921497099,-0.07796278982852592
config_004560,-0.2879726535443918,-0.020673260138113436,0.26837321343508774
config_004561,0.1651220273819775,0.14944659657695053,0.2837166114136043
config_004562,0.2780574145512596,0.07051479280248024,0.0037258226467454247
config_004563,0.13521410914571996,0.0383460355851018,0.12378087407720445
config_004564,-0.1906415388190139,0.02867846238386157,0.10815416023580854
config_004565,0.03694698999173107,-0.18146978112525952,-0.22230231441893852
config_004566,0.06530487498966397,-0.022945938120376874,-0.14337707013948844
config_004567,-0.13956961819623373,-0.12931210770863402,0.2875720044977736
config_004568,0.20911598784615343,0.26350531216253786,-0.045904265730815186
config_004569,0.1104715568695872,-0.12538800302304037,-0.22444399199306908
config_004570,-0.11016110686535535,0.22886389512554078,0.20940389045813518
config_004571,0.04735816697520856,0.26162745029869444,-0.06924777764887119
config_004572,0.08318681595803623,0.2073785727046336,0.14700305669534725
config_004573,-0.2624730053359544,-0.04244030056658543,0.024907404960404056
config_004574,-0.23834372302433907,-0.22260540128293566,0.0647258557596661
config_004575,0.1807976665269812,-0.07654082306542989,-0.20358898726705993
config_004576,0.21253331347993282,-0.176311487080784,-0.2967542856749077
config_004577,-0.09221116878302585,-0.13377055488991854,-0.03198577118272605
config_004578,-0.03881191033096765,0.03579124585047411,-0.19851008330424796
config_004579,0.09692731349365102,0.20484002797567785,0.1961586520093277
config_004580,-0.09615423962926425,0.186216875930094,0.21760815572468445
config_004581,-0.025890110937706712,0.04147867763490887,-0.1292817519414394
config_004582,-0.07768649102952052,0.13117897317123212,-0.14603866244968053
config_004583,-0.05151277212409666,0.29430834717923865,0.22906458072025654
config_004584,-0.26961904125757974,0.11733899462671799,0.06654697898210937
config_004585,0.042447119408738854,0.19435167249248037,-0.016185671011492764
config_004586,0.22773617505487248,0.24813805357003554,0.1441491395082803
config_004587,-0.27852005590632317,-0.16305766695059656,-0.21438287445115353
config_004588,-0.00819969294962164,0.0559013614536189,0.1009060555362386
config_004589,-0.10527726690357389,0.1050765600336439,0.028820044054313487
config_004590,0.22943351594460887,-0.04433924108848486,-0.20068643558952148
config_004591,-0.2906637368436613,0.05596383060892696,0.2806726129195028
config_004592,-0.14214487748551066,0.032763922897976805,-0.2987172656866095
config_004593,-0.1966253553551127,-0.16704567510972307,-0.1440139583445819
config_004594,-0.03989181965565747,-0.22450955585787552,-0.2608857615133119
config_004595,0.19172439125734225,-0.022506804958405624,0.08117174301281332
config_004596,0.11217074251766673,-0.08165059504284353,0.0948171126213192
config_004597,-0.2206734142645451,-0.11036942732658542,0.10925965870998006
config_004598,-0.1582722863449118,0.1079860811256656,0.007863096197223474
config_004599,-0.11155891382335367,-0.22654827695056756,-0.13051750812269997
config_004600,0.19519794658961237,-0.14062876920884337,-0.2386161675819587
config_004601,0.09609759062227918,-0.19314222927756514,0.23190168384985094
config_004602,-0.010235434169794111,-0.0901121398688916,0.28428066363611376
config_004603,0.18470481915754927,0.28795393152353693,0.13331450168872572
config_004604,0.29329993499040813,-0.12403184607242579,0.22584614111279228
config_004605,-0.13437759720019185,0.07855120643415703,-0.15137968141328903
config_004606,-0.25036293541349713,0.17006023703952744,-0.2708778586307951
config_004607,0.031162393178462977,0.07593207166413662,-0.17601842062697023
config_004608,0.14312884007136506,0.25538922775986733,0.011045338433686935
config_004609,0.0959890894406607,-0.27901802143987564,0.14272589767804567
config_004610,0.00616156150031455,0.10495606887691983,0.010559206006287236
config_004611,-0.1719112965925607,0.08715116793159394,0.15017817440273074
config_004612,-0.061110781656583985,0.09583347973792966,-0.18826500388428663
config_004613,-0.018885314696320377,0.19202490634033775,-0.006471202369090934
config_004614,-0.05763357687317883,0.2946420257274082,0.10583495099816087
config_004615,0.10521037788052245,-0.258836008501328,-0.28023666088311655
config_004616,-0.11785783930362331,0.28314042204461215,0.12116661627728575
config_004617,0.01807169462392133,0.007524260866617061,0.16130687010673955
config_004618,0.011833626075619996,0.009902949558513785,-0.24253685496658076
config_004619,0.07812703300507684,0.22502716129567107,-0.1606328684904149
config_004620,0.19806613412591673,-0.022632552256476313,0.10688950155508609
config_004621,-0.050759466635837774,0.13965331853482554,0.29121166749230903
config_004622,0.2855410908336296,-0.15683981739716513,0.09991564415682225
config_004623,-0.22612473150674467,0.2180683264117616,-0.0893140605097204
config_004624,-0.1667733375116284,-0.23747252854335432,-0.23978630144419494
config_004625,-0.04065455101934601,0.10785280483117698,0.1183406190030401
config_004626,-0.11779012113028361,0.13238520413997057,0.09010565651493274
config_004627,-0.28655270907285246,-0.0005508294565447769,0.24923983817718381
config_004628,0.008659376266069219,-0.17555867500162622,0.24893174813621316
config_004629,0.035689703317271615,0.20736062292962748,0.22989356394396282
config_004630,0.14895891437097086,0.008536909596416342,0.006967118486309654
config_004631,-0.17929292174912353,-0.18506664753063035,0.06708573450293304
config_004632,0.20181731046770696,0.033784215647279014,-0.02399579179971212
config_004633,0.08376638582440671,-0.049219901406445665,0.022114416730879216
config_004634,-0.2851853124122982,-0.0029379671521101436,0.24933436641530998
config_004635,-0.10204906271633693,-0.22805329887567502,0.012162306130827472
config_004636,0.019853986264072088,0.11682021772778906,0.1390812754535642
config_004637,0.14288759633830284,0.19173359088987957,0.1308754860604986
config_004638,0.16764860737606507,0.09918566263146228,-0.16388478753333496
config_004639,0.1599485274563448,0.2266654050730546,0.11055418079858687
config_004640,0.2037996125341322,-0.23506294354392254,-0.048122602882700816
config_004641,-0.01376360465041171,0.17458018991128366,0.11881968824687783
config_004642,-0.20559304674469941,0.0011416672703586928,-0.09480304327391123
config_004643,0.28909008510435025,-0.07619150116181472,0.14222394132309663
config_004644,0.03926583267892525,0.14671545217662968,0.21424024749346432
config_004645,0.03893174804396082,0.18546887880194707,0.07415319554038857
config_004646,-0.25278012638929176,-0.14259182301631038,-0.14180216878786958
config_004647,-0.11990943283436811,-0.1914209173662139,-0.08801121296283068
config_004648,0.2322194569288471,-0.06471839116271655,0.18603638816352153
config_004649,0.016516205125902683,0.1233553891394652,-0.19104437251230377
config_004650,0.047682951833052545,-0.22292432810663737,0.1753446573702992
config_004651,0.2854400488178001,0.05496753397053006,0.152837794423626
config_004652,0.22147885103581927,0.0700188136521368,-0.046467648010572515
config_004653,-0.22089227673221767,0.1459711618790691,0.11287627084597246
config_004654,-0.03466325956739219,0.2363488988859918,-0.08427889569419597
config_004655,0.2574909375698881,0.2900339822454528,0.04807399131987283
config_004656,-0.29769000072402513,0.22753626337274707,0.25955075219464613
config_004657,0.09812431171737723,0.04377313600259797,0.2685159986376075
config_004658,-0.05297649597445825,0.11396584465890347,0.1185625010797427
config_004659,-0.1500008094295905,0.046864728733806704,0.2137332004896711
config_004660,0.2790387708393491,0.0751726272930403,0.2661154000513381
config_004661,-0.20390956156113305,-0.1935262274081756,0.21005847883157852
config_004662,0.07533598173103578,0.17082043469302233,0.13576667373022294
config_004663,0.04790272464307682,0.022339826849988087,0.036213251583801676
config_004664,0.15399790315160644,-0.1342072186123832,-0.091701403924254
config_004665,-0.09162050400410063,0.18911296513026793,0.08586405401964958
config_004666,0.19949085852164106,0.09037562828157436,-0.2536565315188484
config_004667,0.2413028931315339,-0.020188676714093856,0.027204520954463907
config_004668,-0.19984318601425305,0.012553883932706011,-0.15747807413965312
config_004669,0.18511022342468858,-0.08599897646217389,-0.26564030293300245
config_004670,0.14502938377001556,0.2655490666466465,0.05069845264343914
config_004671,0.0993771217329309,-0.11924643851407335,-0.23935234404261807
config_004672,0.20004836345568305,-0.13929578164767178,0.25256637467580406
config_004673,-0.010368360937730858,-0.24672163467838898,-0.016189642382255953
config_004674,-0.19613932045621468,-0.11762490974881315,-0.2754414063745309
config_004675,0.013198256716242418,-0.05503872349771538,-0.2702112940928327
config_004676,0.14984616381932064,-0.14564303315884464,0.20767880724371918
config_004677,0.20303626609742637,0.11374927087501913,-0.14627432723439848
config_004678,-0.01798299587720531,-0.08597937668466119,0.24145026365123173
config_004679,-0.28422431884098964,-0.1546143953452611,0.08494856333501
config_004680,0.2818726089554638,0.10372317858851482,-0.2556249502355808
config_004681,-0.2061681796821514,0.000992586835442233,-0.2700835231322065
config_004682,0.14948847418106015,-0.17156720055220212,-0.11490588240135588
config_004683,0.2273244477995589,-0.2388396556519591,0.20722995414874917
config_004684,0.12944421293807218,-0.24635577999457292,0.2672152725004873
config_004685,-0.004570791409353014,0.12842333432898034,0.06477402634021762
config_004686,0.11513994721878784,-0.24110171107995687,0.16173261983652182
config_004687,-0.15980952377087213,-0.23429843901378294,-0.12061577709769114
config_004688,-0.16103166755909573,0.02697426334098546,-0.07503406692322104
config_004689,-0.13626720710528967,-0.19651575195458476,0.1754367869445484
config_004690,-0.2788817934736362,-0.04656360488668343,0.1807213075483246
config_004691,-0.09532487030943457,-0.015010399379074946,0.14267256403912382
config_004692,-0.26051357635900835,0.2659867772483662,-0.22490933449811001
config_004693,0.09328967829114099,-0.2982040707055656,0.18921010917263525
config_004694,-0.17864386702445795,0.05075986600519061,-0.15166374281089895
config_004695,-0.12966294772799786,-0.037823459650303315,0.002157719895943322
config_004696,-0.050640575523335535,0.2521879153042271,0.2816081306340729
config_004697,-0.09046956415667626,-0.047191212894442336,0.26266265009286555
config_004698,-0.25205316900800634,-0.21381276349489653,0.08644367398045266
config_004699,0.25834805190099647,0.21085961985923124,-0.29730006079555366
config_004700,-0.1119358859150929,-0.14848605889636018,0.29565287383153566
config_004701,-0.2850596016389117,-0.10458697742673753,-0.28322967393703097
config_004702,0.043283180326168236,0.11073421865345656,-0.07317271315310739
config_004703,0.08829016355539498,0.1873496770698842,-0.006287863449836784
config_004704,0.06679513316431474,0.02881702392441321,-0.20696320335354487
config_004705,-0.12425294964218153,0.20159560919301495,-0.2350084311833553
config_004706,0.04370379260419083,-0.04929927547933388,0.26051210250401685
config_004707,0.2624726321330037,-0.15110005538352864,-0.023210752156626213
config_004708,-0.059628751284444476,0.10012633492420431,-0.25148787597333727
config_004709,0.06848099409258068,0.29741745987618456,0.28357942594846614
config_004710,0.2326631019242778,0.04400501420746927,-0.2703057843142901
config_004711,-0.155639765657801,-0.03569699748860927,-0.19343873367662384
config_004712,-0.09145655438959724,-0.05907996084180206,-0.21121189049480502
config_004713,0.04390095023218732,0.11781483271543286,0.26067200825811193
config_004714,0.10218993194207848,-0.23507069984693882,0.08721735770841954
config_004715,0.15540678159205618,-0.07773998188720696,0.25749080056746615
config_004716,0.0028105300922875998,-0.07629151278294768,-0.18027289537801527
config_004717,-0.18992402328059974,0.06382710512286355,0.08883428029636575
config_004718,-0.29695667489843924,-0.10430228863780691,0.19213352861752847
config_004719,-0.11006651130666065,-0.2038302178505374,-0.27740965114302496
config_004720,-0.2291876344488381,-0.06600094442126786,0.19049121966034782
config_004721,0.20841937501904634,0.20457552176946575,0.15970983925967286
config_004722,-0.11251368863785408,-0.11140846403641266,-0.14052844241403897
config_004723,-0.22326561589203825,-0.2084555375707806,-0.2527623634056921
config_004724,0.009292552681841926,0.08742799108154087,-0.2207565976491424
config_004725,-0.09901597901090725,0.08025165249041777,0.07203581503026346
config_004726,-0.08279454393678351,0.29418067425160327,0.07095665061741069
config_004727,-0.19273162082949025,-0.1609237569367954,0.2455734488612477
config_004728,-0.2769027281960422,-0.06378656330492832,-0.0037558779613645066
config_004729,0.07667902666808413,-0.06637668458939269,-0.00010195060131285016
config_004730,-0.2487250428752257,0.10325044019771451,0.2018837297588117
config_004731,0.15908207864999213,0.13835037523415217,0.12325351523682965
config_004732,0.24735159881556784,-0.26100178220494635,-0.22162273268005023
config_004733,0.18790041485464298,-0.2257931102087563,0.14220217679695568
config_004734,0.24131999194524528,0.25027713188988515,-0.2959853320522993
config_004735,-0.024707387350000998,0.1930356476364039,-0.26459286930113696
config_004736,-0.0045925559040312924,0.09960380539773639,0.00880348792811858
config_004737,0.16019420206339235,0.15728179405626136,0.2872664818592469
config_004738,-0.18224216851411773,-0.24122888456208744,-0.2588520167114778
config_004739,-0.10483400869332851,-0.11386116659670623,-0.07254807259772217
config_004740,0.10415672405964815,-0.056944689763797574,0.024634015723168534
config_004741,-0.20494860504654977,0.17231362695416136,0.03674216997732349
config_004742,0.23118206468798225,0.1957140127909378,-0.04103807646267427
config_004743,0.03685390070547101,0.11842080965853186,0.15520976206766307
config_004744,0.23331662726163077,0.14744118122725636,-0.03762278502307281
config_004745,0.0012635322274926475,0.1045811599519762,0.059784300712762195
config_004746,0.06243910600522623,-0.11305664290717121,-0.03565035457520804
config_004747,-0.23642901896799118,0.08675967264240325,0.11217340686346078
config_004748,0.2578830867549487,0.18826286452097285,0.15449124786438073
config_004749,-0.2188301930886562,0.1757151388554793,0.1468290264923695
config_004750,-0.057935683892014256,-0.03106567048671177,0.01664875249215153
config_004751,0.06024397727863495,0.04822794079557624,0.006902009837443934
config_004752,-0.10497153708254214,0.07449760145909268,0.19516102309805217
config_004753,-0.04737364731984195,0.0656532399294546,0.11758285182971234
config_004754,0.06257783741681672,-0.2042648727248243,-0.20681120488150545
config_004755,-0.21398048193212055,-0.05125660034748472,0.0005093501601424744
config_004756,-0.16271604719804159,0.005770581242799944,0.18836062711306362
config_004757,0.204071864124365,0.0822962456117447,0.08627128893775043
config_004758,-0.29749514265838756,0.11594666821757532,-0.010374334851698641
config_004759,0.08628883414175009,0.013966129524151216,-0.12334088646584493
config_004760,-0.2418484712917267,-0.20142869781575243,-0.09989848296712639
config_004761,0.07180158428491329,0.19500798501749284,-0.23127285910576006
config_004762,-0.2336630393689979,-0.05275237859189244,0.18668405478559796
config_004763,0.2253370964721217,0.16095980894815043,0.22610023195100054
config_004764,0.28623731395196556,-0.14229852334594753,0.14629655980414136
config_004765,-0.2861484556957484,0.170759156104428,0.2453959922084828
config_004766,0.26364747587869325,-0.2813043271616204,0.05656130609221177
config_004767,-0.18493539922799285,0.13881325428775776,-0.07978412127668524
config_004768,0.13846755609311467,-0.2537082333785003,0.29229412713087327
config_004769,0.01525848608738134,0.10874353907626988,0.2028599859314471
config_004770,-0.13371358132122316,-0.1784530127673174,-0.12807537930514148
config_004771,0.019871169227091978,0.22237847996451693,0.1930117342066795
config_004772,-0.15365511364367015,-0.025551415356729335,0.07443031546099027
config_004773,0.02003008657433475,0.058374456574196265,0.20941273643470842
config_004774,-0.22312576171258658,0.10676497954282649,0.1832945789464614
config_004775,-0.13045620396990823,0.09843248800057769,0.012705733194084967
config_004776,0.004297842224576132,-0.15996627170901037,-0.0495506855453241
config_004777,-0.19043650554287947,0.0926616586777349,0.2902741793237886
config_004778,0.1824763833618897,-0.10773877362733697,-0.2477841737865348
config_004779,-0.009153975461305919,0.27422939204092606,0.03163226616460335
config_004780,-0.0385998193133108,0.1562965060974562,-0.025011009951317165
config_004781,0.15408387500250104,0.109621062512465,0.23214485490967124
config_004782,0.1757442745266623,0.10911654709476692,0.24750448114410722
config_004783,0.29838251518760067,-0.17921853261974813,-0.27218982365981575
config_004784,0.2909054748160986,-0.28121821880201603,-0.19684376489773492
config_004785,0.17869841519104074,-0.06295665543039247,-0.2179319775879286
config_004786,0.10842451503801787,-0.022506943046491146,-0.035980178301018295
config_004787,0.2461467892332137,0.23131288108000075,0.20431389754096102
config_004788,0.261643570601153,-0.11014828880484215,0.1332583489143161
config_004789,0.007365716528235755,0.27436741133555825,-0.20299933645934426
config_004790,-0.18754241795977095,0.285448637352755,-0.2981638940474941
config_004791,-0.2653325590789638,0.009545733446283844,0.14526180709762598
config_004792,-0.06845659215972455,-0.01764865063779042,0.11705420498975855
config_004793,0.22965100037542469,0.09088166273346243,-0.12252324113206783
config_004794,0.23687228223324724,0.002035336241293706,-0.042718308251366854
config_004795,-0.05311174939117427,0.040307431968131247,-0.07684875800538762
config_004796,0.028817003631689042,-0.28806591766338435,0.1563939759617689
config_004797,0.038402959077814436,-0.018837111380659355,-0.1569295164390818
config_004798,0.07130808284231122,0.2543541560344303,-0.19764826302288546
config_004799,0.19873358883807302,0.14528598451967933,0.1900922156197044
config_004800,0.24390396999511937,-0.2432531270923208,-0.07425726169052377
config_004801,0.2273545019043421,-0.20492439077898214,0.006076993932711772
config_004802,0.0725852640694688,0.02174519387572449,-0.2538159173233398
config_004803,-0.0410204860524066,-0.08508321903700977,-0.152558631317055
config_004804,-0.1250935626528811,0.2486794066278047,-0.08663357181925502
config_004805,0.1791895465041663,-0.24037090581394868,-0.20044191094153563
config_004806,0.21955628441050606,0.09346817521475492,0.019446425980014892
config_004807,-0.06716140964358272,0.03345234769933558,-0.04119286763295216
config_004808,-0.10774697077965742,0.24660361762705602,0.21748778504898653
config_004809,0.17930189690920395,-0.12726607579851693,-0.21190183472696306
config_004810,-0.18496100134684906,-0.17732049862689536,-0.26287444834390833
config_004811,0.1421616303624773,-0.04457155017993042,-0.15278881109561607
config_004812,0.2654814038737791,-0.19603011166091677,-0.040053940259039245
config_004813,-0.21044936309373174,-0.19731070994997157,0.2765862222258338
config_004814,0.009405077775657689,-0.09696773932175076,-0.14617751397915224
config_004815,0.17891011891982272,0.21414141614909782,0.26918690572187814
config_004816,-0.20720382261891757,0.19432111224866255,-0.025207120954245377
config_004817,0.05046823259307609,-0.1688230356202792,0.008289903658680986
config_004818,0.03634557839990088,-0.22042890034757232,0.026296808286696116
config_004819,0.2006972712319936,-0.0679553876998926,0.04428217630672021
config_004820,0.27900536828380645,0.26247186773017334,0.17648382119194833
config_004821,0.2978046497625682,0.23039140908852834,-0.2715342174617714
config_004822,0.11409814471262142,-0.14027866320918123,0.2507952917040764
config_004823,0.26286384395276347,-0.02584076612986963,-0.1953967066730371
config_004824,0.29601373395196257,-0.19657466525040856,-0.13419826503432689
config_004825,0.1734689894735978,-0.1698765559347247,-0.17977826735295507
config_004826,-0.27033748594591883,0.12505150168257373,0.10284243387110048
config_004827,-0.2838960552658523,-0.047024738865870386,-0.19309342334774238
config_004828,0.07405709335924737,-0.17354804808605032,0.19139512578981216
config_004829,0.1651428715363666,0.002751064176828133,-8.556526821074106e-05
config_004830,0.2510502354881779,-0.07153975830931678,-0.23253036266123767
config_004831,-0.0977125531389911,-0.11391259520820443,0.1876603829399725
config_004832,0.17124045660609005,-0.011875287665064571,0.2815617888188307
config_004833,-0.2114811084098444,0.09000556178630881,-0.24395435806109397
config_004834,-0.2302713749724545,0.10586036709326307,0.09570692137183856
config_004835,-0.1602535303288585,-0.18873213455830104,-0.11144727442971777
config_004836,0.10207722783707274,-0.14118752575634447,0.2666964943220849
config_004837,0.21963976010267877,-0.09647335079608915,0.2341167018522921
config_004838,0.02491604705607492,-0.23054536986045726,-0.2641065070262791
config_004839,0.23537060640157187,0.20140172175997234,0.014536940002047305
config_004840,-0.259637744413964,0.12589794973164026,-0.09418554221739123
config_004841,0.03162953649471528,-0.2326258326294695,-0.021851264558122085
config_004842,-0.06494837661192607,0.12109623000505254,0.1576079428680116
config_004843,0.016633584769140508,0.095943848475534,0.13713978731829124
config_004844,0.23638036234140763,0.004874812008910823,0.21616204436510106
config_004845,-0.11457791990293323,-0.17420484940519507,-0.19373277365798325
config_004846,0.23072578487159973,-0.21833669954093787,-0.02255929216987007
config_004847,-0.21376555452448698,0.2036558123897813,0.1932409827784886
config_004848,-0.13044034617728006,-0.02221984031577079,0.010808256406308836
config_004849,-0.14919120299963853,0.028863704586792993,0.19815505195903532
config_004850,-0.29257281370852245,0.21114367244201487,-0.2447741701776283
config_004851,-0.0294072295491693,0.16602364933855168,-0.2897382488272735
config_004852,0.1984941637169338,0.10654542521394161,-0.05499845611377588
config_004853,-0.02476564492671074,0.19504456404151377,0.047228291674608125
config_004854,0.21957024138809283,-0.2168221065847329,0.11209559773792988
config_004855,-0.08758817916504053,-0.24029541449130754,-0.18648186216277948
config_004856,-0.034966868674288665,-0.1500442853079987,-0.20062763961321434
config_004857,0.2244842273252779,-0.2722755275271293,0.16266056147087965
config_004858,-0.22241013132218754,-0.10051394206181369,-0.20834985706756415
config_004859,-0.021733699274541773,0.05524109686815026,-0.18299615223050866
config_004860,-0.17406590868978886,0.08736133819301273,-0.07160360367718963
config_004861,-0.04776900679257262,0.1309174771840722,0.05802467274726292
config_004862,-0.2109506266936681,-0.08251650746234981,0.268030055830438
config_004863,-0.239816176257243,-0.03744600670852011,0.16251916960739082
config_004864,-0.09150664013791068,-0.18219352290733298,0.15683975177618165
config_004865,-0.05062963705499596,-0.22433978308660216,0.09815031135708696
config_004866,-0.027845077259083417,0.02386738905649982,0.032616574443524726
config_004867,-0.2896393223562063,-0.19789209897935783,0.02341500143077596
config_004868,0.2540012539300353,0.2058510949662376,-0.09981055909771705
config_004869,0.2690750812016896,-0.172353727105777,-0.23698562883407304
config_004870,-0.005320755288398815,-0.010079981039043617,-0.2130914656763207
config_004871,0.17685368466157203,0.13141198466171644,-0.08578534088642625
config_004872,0.09443374005273608,0.2784906738050477,0.2393464178304709
config_004873,0.011880342544476896,-0.05031080094140458,-0.26001380326688583
config_004874,0.17410548801702358,-0.04370070302688922,0.22286703339462138
config_004875,0.11514024969849357,0.10384205195158791,0.11993325848422282
config_004876,0.25674911778373116,0.10108555123484525,-0.05304421222264638
config_004877,-0.14956470974135616,-0.1534942892144995,-0.0052800667621973885
config_004878,-0.22815568021628985,0.15469048812028274,0.2761594887447895
config_004879,-0.009117516810635606,-0.08008464992361738,-0.09114483183795596
config_004880,0.026503347880215578,-0.2811545758760504,-0.22052474571125558
config_004881,-0.01946078003576135,-0.2703230282544239,0.16643845420364128
config_004882,0.21039704680259513,-0.15879595103834687,-0.25133067598506176
config_004883,-0.29870680363815094,0.05472293891244728,0.19948829413352948
config_004884,0.1022101114890448,-0.26089413346071993,0.22391204469544596
config_004885,-0.20213161849149486,-0.0030853061244138225,0.0466373243555977
config_004886,0.17711328800786325,0.25043900973350336,0.06371426288538462
config_004887,0.051981149259430204,-0.1510550237120521,0.04982120548499147
config_004888,0.011558904479589072,-0.1343082467216445,0.09063826923031876
config_004889,0.1834069505652532,-0.2751759513075462,0.16866917870778603
config_004890,0.15863660393597484,-0.22841188961821998,-0.15349988008075488
config_004891,0.017055801240734636,-0.1684453915444316,0.23854176656301745
config_004892,0.17296135393430834,0.01675513520298627,0.050860306968947167
config_004893,0.12403470242209447,-0.06923515507301903,-0.06688736573361947
config_004894,-0.2046234190722223,0.17613616105334706,-0.09683415889381591
config_004895,-0.14110889348352754,-0.003356557618905409,0.18093313007642603
config_004896,0.0728333747427628,-0.1739102841097291,0.26485737922345415
config_004897,-0.26990828706469805,-0.10457843168196604,0.07876782251515468
config_004898,-0.21232109250396208,-0.1901511318387734,-0.0035047517717494703
config_004899,-0.017313696617096974,0.001777793277198847,0.006781304536774946
config_004900,-0.11556706332939895,0.19393509434855127,-0.29679770702565755
config_004901,0.2014048622872519,-0.1076445866276349,0.1874850231968092
config_004902,-0.08121740034945388,-0.25013436386743004,-0.17549575225082487
config_004903,0.1040369611312692,-0.06135240460443142,-0.07607322939574762
config_004904,-0.25635414096685644,-0.12548980280886626,0.21116741993004823
config_004905,-0.20427885486728042,0.25272604767339296,-0.1400225564371176
config_004906,-0.24074301618698496,-0.027582463785085,-0.03337292906720335
config_004907,-0.2381108541634457,0.14621959745444219,-0.2571157254397055
config_004908,-0.28517524083769413,-0.20219321329399206,0.23334293836953773
config_004909,-0.1620310476748911,0.025572727042441235,0.28910825841671123
config_004910,-0.16051663170623306,0.2973409581488346,0.27478794418897673
config_004911,0.12858680433529018,-0.22693968817447757,0.2943052613058695
config_004912,-0.24112498034288005,-0.20398283332167638,0.06017125795623024
config_004913,-0.2663149102528571,0.2635131719638915,0.19337968797608412
config_004914,0.18923615331046378,-0.050694002027205365,0.21332469725457276
config_004915,0.2661239419571663,-0.05658235686930829,0.22513149562928264
config_004916,0.09856079560927844,-0.08714028589269743,0.1027175388857019
config_004917,-0.28315888647844917,-0.2799296948690541,-0.09185688256181734
config_004918,0.03948701008090871,0.11915489167047222,-0.09521306497131113
config_004919,0.01664918734786963,-0.2058622100778323,-0.21832587101101447
config_004920,0.09809203230484592,-0.12006598185217363,-0.2701888482155801
config_004921,0.005342699734958378,-0.10359329868529543,0.2859496994098644
config_004922,0.22385385437429633,-0.2712046424913163,-0.05163524356491031
config_004923,0.2587077281313889,0.1765187035469119,-0.23889240331936284
config_004924,0.27032765809118436,0.2814130774721035,-0.1548889769795409
config_004925,-0.14021173961806188,0.19862419430257944,0.1716883752925351
config_004926,0.2609603055541782,0.20714357956904567,-0.20230726424004514
config_004927,0.09676185912490831,0.08282867659983156,0.25937928898830603
config_004928,-0.14363432571053905,0.274163279621548,0.24216453490097295
config_004929,0.11605485022136008,-0.29725086938530115,-0.07104455794143938
config_004930,0.039602238953981794,-0.27591084834544516,-0.054286518082204915
config_004931,-0.0872298427244757,-0.16358241113087632,-0.13253326583607516
config_004932,-0.024140957213001468,-0.28538743657659826,0.13096169684693654
config_004933,0.28987376104007806,-0.22279198948726864,-0.2518077725598013
config_004934,0.20575291501246123,-0.017897373996625165,0.05057217409766673
config_004935,-0.15475597569849345,-0.05635221006660557,-0.09922259958402943
config_004936,0.1995442694813364,0.23632171320618595,-0.18986458312879595
config_004937,0.2520628092415272,-0.21679782262031067,-0.17383053165706966
config_004938,-0.19326838782152256,-0.10989450291514191,0.2923578859669242
config_004939,-0.08782140572355548,-0.10393446797178701,-0.2786585140256416
config_004940,0.09530472031523018,0.24315276619715204,-0.2504239883248501
config_004941,-0.08467294762730904,0.077138370041747,0.21938839169867025
config_004942,0.1088754390041472,-0.049707635156553576,0.030923684823647712
config_004943,-0.27381358713611653,0.011851647405624333,0.14246042115516
config_004944,0.06879679013787621,0.16462784843094924,-0.17365695328707045
config_004945,-0.23892426390275268,0.17598229765576617,0.24354983247856138
config_004946,-0.1680142952222285,0.2385068655569233,0.012262562460305992
config_004947,0.2973266707256966,0.25176249332294104,0.07408754802901507
config_004948,0.23025000214761632,-0.19949135107747146,0.1028144988296929
config_004949,-0.1420585953679712,-0.03707136114782128,-0.10368449005330452
config_004950,0.01619402196911668,-0.19146937973239353,-0.20877488147530382
config_004951,0.2440666709172426,0.24307943953482664,-0.23172923689602426
config_004952,-0.05974622562296156,-0.024384782868590693,-0.21425944933497093
config_004953,-0.1617230013139838,0.29178654259112463,0.26726310362983113
config_004954,0.005055980841360552,0.042574577503482425,0.14853095687961443
config_004955,-0.2863397474856944,-0.11797864734844735,0.2033434161926802
config_004956,0.20891699910412992,0.03547335435574284,-0.24113325614603248
config_004957,-0.09528868781534641,0.177674111998126,-0.22318309819651322
config_004958,-0.21976312083058974,-0.10429125246074575,-0.2151153854467432
config_004959,-0.04644795642799626,0.046481558129094214,-0.076902461445083
config_004960,-0.2569130984828228,0.21072082514777862,-0.20760453956876188
config_004961,0.07370962414762516,0.21501210575474744,0.17031609256572594
config_004962,-0.045658650101427445,-0.00045584809829918305,0.11050674760121226
config_004963,0.25851649840755936,-0.09774445371691182,-0.18824854760899298
config_004964,-0.03322616344990492,0.23720555486978318,0.0955664432468945
config_004965,-0.19845929400445217,0.23677094356362421,-0.06858540395894996
config_004966,-0.059936418121398216,-0.22180895866489433,0.08342730869739612
config_004967,-0.150262836066766,0.17261495595942328,0.1218487512464867
config_004968,-0.04821582555719017,-0.18809028159205574,-0.17171786581891835
config_004969,-0.26149672309481764,-0.17039436941864644,-0.18870132987644256
config_004970,-0.2240081734768755,0.02440479084456537,-0.12842269941891324
config_004971,-0.16805266208236935,-0.1536580315386015,0.29966260018285124
config_004972,-0.23682594414694308,0.08182045180861791,0.24494357292659802
config_004973,-0.10855759188688457,-0.14790679056216385,-0.2269787328996326
config_004974,0.04276606832813723,-0.07159192149139532,0.24798097017126536
config_004975,0.2163756639819327,0.05110388227474827,-0.2609760184572721
config_004976,0.2737882226330995,-0.14109259352932782,-0.05675833565657812
config_004977,0.10939649733397383,-0.21504897961248987,0.01575437982495559
config_004978,-0.2564109622307265,-0.15506475404787554,-0.10267727477871444
config_004979,0.11113532198387027,0.2003029040221314,0.13786009801231158
config_004980,0.2867007430520237,-0.06297060800141807,0.1805612620985359
config_004981,0.29320996771805924,-0.09220262294650389,-0.013248415843653993
config_004982,0.09413538978216279,0.022468736841752712,-0.026512836762205894
config_004983,0.2340262696430389,0.06741208418630384,-0.1357953250790394
config_004984,0.17739090584486894,0.02924420491564972,-0.10132907947455289
config_004985,-0.21576052819445365,0.272827132985426,0.12772160715731506
config_004986,-0.011754060957736012,-0.0881499193948879,-0.2843505446703042
config_004987,-0.12247153328549007,-0.17284688152754307,0.14822983763187503
config_004988,0.022667457991827455,0.21013622931346004,0.23702436769151697
config_004989,-0.07559352137481934,-0.11549258195771475,0.18853134089737794
config_004990,0.24756871423342403,-0.22298416630436607,0.07296970584500595
config_004991,-0.1023716305881103,0.2288047185821584,-0.12390287741518952
config_004992,0.29424624039846586,0.08007232828189925,-0.11665246680165975
config_004993,-0.14605123359778416,-0.06285331234670466,0.18152331519081694
config_004994,-0.1872851232604621,-0.11172711647339292,0.02751959226082895
config_004995,0.13255152120015634,0.17706350533635468,-0.002548958330054807
config_004996,-0.10588738547389712,-0.24527522910631439,0.20305990855198625
config_004997,-0.29587295455005563,0.0539153174207434,-0.15461256345826588
config_004998,-0.230368985786792,0.20676726629143355,-0.12643267240896472
config_004999,0.07189266055414112,0.2671404357251474,0.24787072416137762
